<PackageItem xmlns:tcm="http://www.tridion.com/ContentManager/5.0" xmlns:xlink="http://www.w3.org/1999/xlink" xmlns="http://www.sdltridion.com/ContentManager/ImportExport/Package/2013">
  <Data>
    <tcm:Data>
      <tcm:Title>Content Owner</tcm:Title>
      <tcm:Description>Content Owner</tcm:Description>
      <tcm:Key>contentOwner</tcm:Key>
      <tcm:IsAbstract>false</tcm:IsAbstract>
      <tcm:ParentKeywords />
      <tcm:RelatedKeywords />
      <tcm:MetadataSchema xlink:type="simple" xlink:title="Search Field Mapping" xlink:href="/webdav/100%20Master/Building%20Blocks/Modules/Search/Editor/Schemas/Search%20Field%20Mapping.xsd" />
      <tcm:Metadata>
        <Metadata xmlns="uuid:c466d028-45d3-4e0f-85e4-3963de8f6f84">
          <searchFieldName>contentOwner</searchFieldName>
        </Metadata>
      </tcm:Metadata>
      <tcm:IsRoot>true</tcm:IsRoot>
    </tcm:Data>
  </Data>
  <Dependencies>
    <Dependency dependencyType="Publication" itemUrl="/webdav/100%20Master" linkName="LocationInfo/ContextRepository" />
    <Dependency dependencyType="OrganizationalItemCategory" itemUrl="/webdav/100%20Master/Faceted%20Search%20Category" linkName="LocationInfo/OrganizationalItem" />
    <Dependency dependencyType="MetadataSchema" itemUrl="/webdav/100%20Master/Building%20Blocks/Modules/Search/Editor/Schemas/Search%20Field%20Mapping.xsd" linkName="MetadataSchema" />
  </Dependencies>
</PackageItem>