<PackageItem xmlns:tcm="http://www.tridion.com/ContentManager/5.0" xmlns:xlink="http://www.w3.org/1999/xlink" xmlns:xsd="http://www.w3.org/2001/XMLSchema" xmlns="http://www.sdltridion.com/ContentManager/ImportExport/Package/2013">
  <Data>
    <tcm:Data xmlns:xlink="http://www.w3.org/1999/xlink" xmlns:i="http://www.w3.org/2001/XMLSchema-instance">
      <tcm:Title>Content Page</tcm:Title>
      <tcm:Description>Content Page</tcm:Description>
      <tcm:Purpose>Region</tcm:Purpose>
      <tcm:NamespaceURI>uuid:3feadbb7-8212-405d-9ac5-d212711e5a2f</tcm:NamespaceURI>
      <tcm:RootElementName />
      <tcm:IsTridionWebSchema>true</tcm:IsTridionWebSchema>
      <tcm:XSD>
        <xsd:schema xmlns:xsd="http://www.w3.org/2001/XMLSchema" xmlns="uuid:3feadbb7-8212-405d-9ac5-d212711e5a2f" xmlns:tcmi="http://www.tridion.com/ContentManager/5.0/Instance" xmlns:category="tcm:0-8-1/Categories.xsd" elementFormDefault="qualified" targetNamespace="uuid:3feadbb7-8212-405d-9ac5-d212711e5a2f">
  <xsd:import namespace="http://www.tridion.com/ContentManager/5.0/Instance" schemaLocation="/webdav/cm_xml_inst.xsd" />
  <xsd:import namespace="tcm:0-8-1/Categories.xsd" schemaLocation="/webdav/100%20Master/Categories.xsd" />
  <xsd:annotation>
    <xsd:appinfo>
      <tcm:Labels xmlns:tcm="http://www.tridion.com/ContentManager/5.0">
        <tcm:Label ElementName="sitemapKeyword" Metadata="true">Sitemap Keyword(s) for Taxonomy-based Navigation</tcm:Label>
      </tcm:Labels>
    </xsd:appinfo>
  </xsd:annotation>
  <xsd:element name="Metadata">
    <xsd:complexType>
      <xsd:sequence>
        <xsd:element name="sitemapKeyword" minOccurs="0" maxOccurs="unbounded" type="category:sitemap">
          <xsd:annotation>
            <xsd:appinfo>
              <ExtensionXml xmlns="http://www.tridion.com/ContentManager/5.0" />
              <tcm:Size xmlns:tcm="http://www.tridion.com/ContentManager/5.0">1</tcm:Size>
              <tcm:listtype xmlns:tcm="http://www.tridion.com/ContentManager/5.0">tree</tcm:listtype>
            </xsd:appinfo>
          </xsd:annotation>
        </xsd:element>
      </xsd:sequence>
    </xsd:complexType>
  </xsd:element>
</xsd:schema>
      </tcm:XSD>
      <tcm:AllowedMultimediaTypes />
      <tcm:ComponentProcess xlink:type="simple" xlink:title="" xlink:href="tcm:0-0-0" />
      <tcm:BundleProcess xlink:type="simple" xlink:title="" xlink:href="tcm:0-0-0" />
      <tcm:DeleteBundleOnProcessFinished>false</tcm:DeleteBundleOnProcessFinished>
      <tcm:RegionDefinition>
        <tcm:ComponentPresentationConstraints />
        <tcm:DefaultComponentPresentations />
        <tcm:NestedRegions>
          <tcm:NestedRegion>
            <tcm:RegionName>Main</tcm:RegionName>
            <tcm:RegionSchema xlink:type="simple" xlink:title="[Main] Region" xlink:href="/webdav/100%20Master/Building%20Blocks/Modules/Core/Editor/Schemas/Region%20Schemas/%5BMain%5D%20Region.xsd" />
            <tcm:IsMandatory>true</tcm:IsMandatory>
          </tcm:NestedRegion>
        </tcm:NestedRegions>
      </tcm:RegionDefinition>
    </tcm:Data>
  </Data>
  <Dependencies>
    <Dependency dependencyType="Publication" itemUrl="/webdav/100%20Master" linkName="LocationInfo/ContextRepository" />
    <Dependency dependencyType="OrganizationalItemFolder" itemUrl="/webdav/100%20Master/Building%20Blocks/Modules/Core/Editor/Schemas/Page%20Schemas" linkName="LocationInfo/OrganizationalItem" />
    <Dependency dependencyType="Category" itemUrl="/webdav/100%20Master/Sitemap%20%5BNavigation%5D" linkName="Xsd" />
    <Dependency dependencyType="RegionDefinitionNestedRegionSchema" itemUrl="/webdav/100%20Master/Building%20Blocks/Modules/Core/Editor/Schemas/Region%20Schemas/%5BMain%5D%20Region.xsd" linkName="RegionDefinition/NestedRegions[0]/RegionSchema" />
  </Dependencies>
</PackageItem>