<PackageItem xmlns:tcm="http://www.tridion.com/ContentManager/5.0" xmlns:xlink="http://www.w3.org/1999/xlink" xmlns:xsd="http://www.w3.org/2001/XMLSchema" xmlns="http://www.sdltridion.com/ContentManager/ImportExport/Package/2013">
  <Data>
    <tcm:Data xmlns:xlink="http://www.w3.org/1999/xlink" xmlns:i="http://www.w3.org/2001/XMLSchema-instance">
      <tcm:Title>Publish Mappings</tcm:Title>
      <tcm:Description>Publish Mappings</tcm:Description>
      <tcm:Purpose>TemplateParameters</tcm:Purpose>
      <tcm:NamespaceURI>http://www.sdl.com/web/schemas/publishmappings</tcm:NamespaceURI>
      <tcm:RootElementName>Parameters</tcm:RootElementName>
      <tcm:IsTridionWebSchema>true</tcm:IsTridionWebSchema>
      <tcm:XSD>
        <xsd:schema xmlns:xsd="http://www.w3.org/2001/XMLSchema" xmlns="http://www.sdl.com/web/schemas/publishmappings" xmlns:tcmi="http://www.tridion.com/ContentManager/5.0/Instance" xmlns:xlink="http://www.w3.org/1999/xlink" elementFormDefault="qualified" targetNamespace="http://www.sdl.com/web/schemas/publishmappings">
          <xsd:import namespace="http://www.tridion.com/ContentManager/5.0/Instance" schemaLocation="/webdav/cm_xml_inst.xsd" />
          <xsd:annotation>
            <xsd:appinfo>
              <tcm:Labels xmlns:tcm="http://www.tridion.com/ContentManager/5.0">
                <tcm:Label ElementName="retrofitMode" Metadata="false">Retrofit mode</tcm:Label>
              </tcm:Labels>
            </xsd:appinfo>
          </xsd:annotation>
          <xsd:element name="Parameters">
            <xsd:complexType>
              <xsd:sequence>
                <xsd:element name="retrofitMode" minOccurs="0" maxOccurs="1">
                  <xsd:annotation>
                    <xsd:appinfo>
                      <tcm:Size xmlns:tcm="http://www.tridion.com/ContentManager/5.0">1</tcm:Size>
                      <tcm:listtype xmlns:tcm="http://www.tridion.com/ContentManager/5.0">select</tcm:listtype>
                    </xsd:appinfo>
                  </xsd:annotation>
                  <xsd:simpleType>
                    <xsd:restriction base="xsd:normalizedString">
                      <xsd:enumeration value="true" />
                      <xsd:enumeration value="false" />
                    </xsd:restriction>
                  </xsd:simpleType>
                </xsd:element>
              </xsd:sequence>
            </xsd:complexType>
          </xsd:element>
        </xsd:schema>
      </tcm:XSD>
      <tcm:AllowedMultimediaTypes />
      <tcm:ComponentProcess xlink:type="simple" xlink:title="" xlink:href="tcm:0-0-0" />
      <tcm:BundleProcess xlink:type="simple" xlink:title="" xlink:href="tcm:0-0-0" />
      <tcm:DeleteBundleOnProcessFinished>false</tcm:DeleteBundleOnProcessFinished>
    </tcm:Data>
  </Data>
  <Dependencies>
    <Dependency dependencyType="Publication" itemUrl="/webdav/100%20Master" linkName="LocationInfo/ContextRepository" />
    <Dependency dependencyType="OrganizationalItemFolder" itemUrl="/webdav/100%20Master/Building%20Blocks/Framework/Developer/Templates/DXA%2ELegacy" linkName="LocationInfo/OrganizationalItem" />
  </Dependencies>
</PackageItem>