<PackageItem xmlns:tcm="http://www.tridion.com/ContentManager/5.0" xmlns:xlink="http://www.w3.org/1999/xlink" xmlns:xsd="http://www.w3.org/2001/XMLSchema" xmlns="http://www.sdltridion.com/ContentManager/ImportExport/Package/2013">
  <Data>
    <tcm:Data xmlns:xlink="http://www.w3.org/1999/xlink" xmlns:i="http://www.w3.org/2001/XMLSchema-instance">
      <tcm:Title>Search Configuration</tcm:Title>
      <tcm:Description>Search Configuration</tcm:Description>
      <tcm:Purpose>Component</tcm:Purpose>
      <tcm:NamespaceURI>http://www.sdl.com/web/schemas/search</tcm:NamespaceURI>
      <tcm:RootElementName>SearchConfig</tcm:RootElementName>
      <tcm:IsTridionWebSchema>true</tcm:IsTridionWebSchema>
      <tcm:XSD>
        <xsd:schema xmlns:xsd="http://www.w3.org/2001/XMLSchema" xmlns="http://www.sdl.com/web/schemas/search" xmlns:tcmi="http://www.tridion.com/ContentManager/5.0/Instance" elementFormDefault="qualified" targetNamespace="http://www.sdl.com/web/schemas/search">
  <xsd:import namespace="http://www.tridion.com/ContentManager/5.0/Instance" schemaLocation="/webdav/cm_xml_inst.xsd" />
  <xsd:annotation>
    <xsd:appinfo>
      <tcm:Labels xmlns:tcm="http://www.tridion.com/ContentManager/5.0">
        <tcm:Label ElementName="stagingIndexConfig" Metadata="false">URL of the Staging Search Index</tcm:Label>
        <tcm:Label ElementName="stagingIndexUserId" Metadata="false">Staging Index User Id</tcm:Label>
        <tcm:Label ElementName="stagingIndexPassword" Metadata="false">Staging Index Password</tcm:Label>
        <tcm:Label ElementName="liveIndexConfig" Metadata="false">URL of the Live Search Index</tcm:Label>
        <tcm:Label ElementName="liveIndexUserId" Metadata="false">Live Index User Id</tcm:Label>
        <tcm:Label ElementName="liveIndexPassword" Metadata="false">Live Index Password</tcm:Label>
        <tcm:Label ElementName="isFacetedSearchEnable" Metadata="false">Is Faceted Search Enable ?</tcm:Label>
        <tcm:Label ElementName="idOfFacetedSearchCategory" Metadata="false">Faceted Search Category Id:</tcm:Label>
        <tcm:Label ElementName="isSuggesterEnable" Metadata="false">Is Suggester Enable ?</tcm:Label>
        <tcm:Label ElementName="suggestionResultText" Metadata="false">Results Text for suggestion (use the placeholder {0} for the suggestion results)</tcm:Label>
        <tcm:Label ElementName="isAutoCompleteEnable" Metadata="false">Is Auto Complete Enable</tcm:Label>
      </tcm:Labels>
    </xsd:appinfo>
  </xsd:annotation>
  <xsd:element name="SearchConfig">
    <xsd:complexType>
      <xsd:sequence>
        <xsd:element name="stagingIndexConfig" minOccurs="1" maxOccurs="1" type="xsd:normalizedString">
          <xsd:annotation>
            <xsd:appinfo>
              <ExtensionXml xmlns="http://www.tridion.com/ContentManager/5.0" />
            </xsd:appinfo>
          </xsd:annotation>
        </xsd:element>
        <xsd:element name="stagingIndexUserId" minOccurs="0" maxOccurs="1" type="xsd:normalizedString">
          <xsd:annotation>
            <xsd:appinfo>
              <ExtensionXml xmlns="http://www.tridion.com/ContentManager/5.0">
          <configuration xmlns="http://www.sdltridion.com/2011/SiteEdit">
            <field>
              <editable>false</editable>
            </field>
          </configuration>
        </ExtensionXml>
            </xsd:appinfo>
          </xsd:annotation>
        </xsd:element>
        <xsd:element name="stagingIndexPassword" minOccurs="0" maxOccurs="1" type="xsd:normalizedString">
          <xsd:annotation>
            <xsd:appinfo>
              <ExtensionXml xmlns="http://www.tridion.com/ContentManager/5.0">
          <configuration xmlns="http://www.sdltridion.com/2011/SiteEdit">
            <field>
              <editable>false</editable>
            </field>
          </configuration>
        </ExtensionXml>
            </xsd:appinfo>
          </xsd:annotation>
        </xsd:element>
        <xsd:element name="liveIndexConfig" minOccurs="1" maxOccurs="1" type="xsd:normalizedString">
          <xsd:annotation>
            <xsd:appinfo>
              <ExtensionXml xmlns="http://www.tridion.com/ContentManager/5.0" />
            </xsd:appinfo>
          </xsd:annotation>
        </xsd:element>
        <xsd:element name="liveIndexUserId" minOccurs="0" maxOccurs="1" type="xsd:normalizedString">
          <xsd:annotation>
            <xsd:appinfo>
              <ExtensionXml xmlns="http://www.tridion.com/ContentManager/5.0">
          <configuration xmlns="http://www.sdltridion.com/2011/SiteEdit">
            <field>
              <editable>false</editable>
            </field>
          </configuration>
        </ExtensionXml>
            </xsd:appinfo>
          </xsd:annotation>
        </xsd:element>
        <xsd:element name="liveIndexPassword" minOccurs="0" maxOccurs="1" type="xsd:normalizedString">
          <xsd:annotation>
            <xsd:appinfo>
              <ExtensionXml xmlns="http://www.tridion.com/ContentManager/5.0">
          <configuration xmlns="http://www.sdltridion.com/2011/SiteEdit">
            <field>
              <editable>false</editable>
            </field>
          </configuration>
        </ExtensionXml>
            </xsd:appinfo>
          </xsd:annotation>
        </xsd:element>
        <xsd:element name="isFacetedSearchEnable" minOccurs="1" maxOccurs="1">
          <xsd:annotation>
            <xsd:appinfo>
              <ExtensionXml xmlns="http://www.tridion.com/ContentManager/5.0">
          <configuration xmlns="http://www.sdltridion.com/2011/SiteEdit">
            <field>
              <editable>false</editable>
            </field>
          </configuration>
        </ExtensionXml>
              <tcm:Size xmlns:tcm="http://www.tridion.com/ContentManager/5.0">1</tcm:Size>
              <tcm:listtype xmlns:tcm="http://www.tridion.com/ContentManager/5.0">select</tcm:listtype>
            </xsd:appinfo>
          </xsd:annotation>
          <xsd:simpleType>
            <xsd:restriction base="xsd:normalizedString">
              <xsd:enumeration value="No" />
              <xsd:enumeration value="Yes" />
            </xsd:restriction>
          </xsd:simpleType>
        </xsd:element>
        <xsd:element name="idOfFacetedSearchCategory" minOccurs="0" maxOccurs="1" type="xsd:normalizedString">
          <xsd:annotation>
            <xsd:appinfo>
              <ExtensionXml xmlns="http://www.tridion.com/ContentManager/5.0">
          <configuration xmlns="http://www.sdltridion.com/2011/SiteEdit">
            <field>
              <editable>false</editable>
            </field>
          </configuration>
        </ExtensionXml>
            </xsd:appinfo>
          </xsd:annotation>
        </xsd:element>
        <xsd:element name="isSuggesterEnable" minOccurs="1" maxOccurs="1">
          <xsd:annotation>
            <xsd:appinfo>
              <ExtensionXml xmlns="http://www.tridion.com/ContentManager/5.0">
          <configuration xmlns="http://www.sdltridion.com/2011/SiteEdit">
            <field>
              <editable>false</editable>
            </field>
          </configuration>
        </ExtensionXml>
              <tcm:DefaultTextValue xmlns:tcm="http://www.tridion.com/ContentManager/5.0">Yes</tcm:DefaultTextValue>
              <tcm:Size xmlns:tcm="http://www.tridion.com/ContentManager/5.0">1</tcm:Size>
              <tcm:listtype xmlns:tcm="http://www.tridion.com/ContentManager/5.0">select</tcm:listtype>
            </xsd:appinfo>
          </xsd:annotation>
          <xsd:simpleType>
            <xsd:restriction base="xsd:normalizedString">
              <xsd:enumeration value="No" />
              <xsd:enumeration value="Yes" />
            </xsd:restriction>
          </xsd:simpleType>
        </xsd:element>
        <xsd:element name="suggestionResultText" minOccurs="0" maxOccurs="1" type="xsd:normalizedString">
          <xsd:annotation>
            <xsd:appinfo>
              <ExtensionXml xmlns="http://www.tridion.com/ContentManager/5.0">
          <configuration xmlns="http://www.sdltridion.com/2011/SiteEdit">
            <field>
              <editable>false</editable>
            </field>
          </configuration>
        </ExtensionXml>
            </xsd:appinfo>
          </xsd:annotation>
        </xsd:element>
        <xsd:element name="isAutoCompleteEnable" minOccurs="1" maxOccurs="1">
          <xsd:annotation>
            <xsd:appinfo>
              <ExtensionXml xmlns="http://www.tridion.com/ContentManager/5.0">
          <configuration xmlns="http://www.sdltridion.com/2011/SiteEdit">
            <field>
              <editable>false</editable>
            </field>
          </configuration>
        </ExtensionXml>
              <tcm:DefaultTextValue xmlns:tcm="http://www.tridion.com/ContentManager/5.0">Yes</tcm:DefaultTextValue>
              <tcm:Size xmlns:tcm="http://www.tridion.com/ContentManager/5.0">1</tcm:Size>
              <tcm:listtype xmlns:tcm="http://www.tridion.com/ContentManager/5.0">select</tcm:listtype>
            </xsd:appinfo>
          </xsd:annotation>
          <xsd:simpleType>
            <xsd:restriction base="xsd:normalizedString">
              <xsd:enumeration value="No" />
              <xsd:enumeration value="Yes" />
            </xsd:restriction>
          </xsd:simpleType>
        </xsd:element>
      </xsd:sequence>
    </xsd:complexType>
  </xsd:element>
</xsd:schema>
      </tcm:XSD>
      <tcm:AllowedMultimediaTypes />
      <tcm:ComponentProcess xlink:type="simple" xlink:title="" xlink:href="tcm:0-0-0" />
      <tcm:BundleProcess xlink:type="simple" xlink:title="" xlink:href="tcm:0-0-0" />
      <tcm:DeleteBundleOnProcessFinished>false</tcm:DeleteBundleOnProcessFinished>
    </tcm:Data>
  </Data>
  <Dependencies>
    <Dependency dependencyType="Publication" itemUrl="/webdav/100%20Master" linkName="LocationInfo/ContextRepository" />
    <Dependency dependencyType="OrganizationalItemFolder" itemUrl="/webdav/100%20Master/Building%20Blocks/Modules/Search/Site%20Manager/Schemas" linkName="LocationInfo/OrganizationalItem" />
  </Dependencies>
</PackageItem>