<PackageItem xmlns:tcm="http://www.tridion.com/ContentManager/5.0" xmlns:xlink="http://www.w3.org/1999/xlink" xmlns:xsd="http://www.w3.org/2001/XMLSchema" xmlns="http://www.sdltridion.com/ContentManager/ImportExport/Package/2013">
  <Data>
    <tcm:Data xmlns:xlink="http://www.w3.org/1999/xlink" xmlns:i="http://www.w3.org/2001/XMLSchema-instance">
      <tcm:Title>Search Indexing Metadata</tcm:Title>
      <tcm:Description>Search Indexing Metadata</tcm:Description>
      <tcm:Purpose>Metadata</tcm:Purpose>
      <tcm:NamespaceURI>http://www.sdl.com/web/schemas/search</tcm:NamespaceURI>
      <tcm:RootElementName />
      <tcm:IsTridionWebSchema>true</tcm:IsTridionWebSchema>
      <tcm:XSD>
        <xsd:schema xmlns:xsd="http://www.w3.org/2001/XMLSchema" xmlns="http://www.sdl.com/web/schemas/search" xmlns:tcmi="http://www.tridion.com/ContentManager/5.0/Instance" xmlns:xlink="http://www.w3.org/1999/xlink" elementFormDefault="qualified" targetNamespace="http://www.sdl.com/web/schemas/search">
        <xsd:import namespace="http://www.tridion.com/ContentManager/5.0/Instance" schemaLocation="/webdav/cm_xml_inst.xsd" />
        <xsd:annotation>
          <xsd:appinfo>
            <tcm:Labels xmlns:tcm="http://www.tridion.com/ContentManager/5.0">
              <tcm:Label ElementName="NoIndex" Metadata="true">Suppress Content From Search Index</tcm:Label>
            </tcm:Labels>
          </xsd:appinfo>
        </xsd:annotation>
        <xsd:element name="Metadata">
          <xsd:complexType>
            <xsd:sequence>
              <xsd:element name="NoIndex" minOccurs="0" maxOccurs="unbounded">
                <xsd:annotation>
                  <xsd:appinfo>
                    <tcm:ExtensionXml xmlns:tcm="http://www.tridion.com/ContentManager/5.0" />
                    <tcm:Size xmlns:tcm="http://www.tridion.com/ContentManager/5.0">1</tcm:Size>
                    <tcm:listtype xmlns:tcm="http://www.tridion.com/ContentManager/5.0">checkbox</tcm:listtype>
                  </xsd:appinfo>
                </xsd:annotation>
                <xsd:simpleType>
                  <xsd:restriction base="xsd:normalizedString">
                    <xsd:enumeration value="Yes" />
                  </xsd:restriction>
                </xsd:simpleType>
              </xsd:element>
            </xsd:sequence>
          </xsd:complexType>
        </xsd:element>
      </xsd:schema>
      </tcm:XSD>
      <tcm:AllowedMultimediaTypes />
      <tcm:ComponentProcess xlink:type="simple" xlink:title="" xlink:href="tcm:0-0-0" />
      <tcm:BundleProcess xlink:type="simple" xlink:title="" xlink:href="tcm:0-0-0" />
      <tcm:DeleteBundleOnProcessFinished>false</tcm:DeleteBundleOnProcessFinished>
    </tcm:Data>
  </Data>
  <Dependencies>
    <Dependency dependencyType="Publication" itemUrl="/webdav/100%20Master" linkName="LocationInfo/ContextRepository" />
    <Dependency dependencyType="OrganizationalItemFolder" itemUrl="/webdav/100%20Master/Building%20Blocks/Modules/Search/Editor/Schemas" linkName="LocationInfo/OrganizationalItem" />
  </Dependencies>
</PackageItem>