<PackageItem xmlns:tcm="http://www.tridion.com/ContentManager/5.0" xmlns:xlink="http://www.w3.org/1999/xlink" xmlns="http://www.sdltridion.com/ContentManager/ImportExport/Package/2013">
  <Data>
    <tcm:Data>
      <tcm:Title>Publish HTML Design</tcm:Title>
      <tcm:Type>CompoundTemplate</tcm:Type>
      <tcm:Priority>200</tcm:Priority>
      <tcm:OutputFormat>HTML Fragment</tcm:OutputFormat>
      <tcm:Content>
        <tcm:PublisherScript>&lt;CompoundTemplate xmlns="http://www.tridion.com/ContentManager/5.3/CompoundTemplate"&gt;
  &lt;TemplateInvocation&gt;
    &lt;Template xlink:href="/webdav/100%20Master/Building%20Blocks/Framework/Developer/Templates/DXA%2ER2/Publish%20HTML%20Design.tbbcs" xmlns:xlink="http://www.w3.org/1999/xlink" xlink:title="Publish HTML Design" /&gt;
    &lt;TemplateParameters&gt;
      &lt;Parameters xmlns="http://www.sdl.com/web/schemas/publishhtmldesign"&gt;
        &lt;cleanup xmlns="http://www.sdl.com/web/schemas/publishhtmldesign"&gt;true&lt;/cleanup&gt;
      &lt;/Parameters&gt;
    &lt;/TemplateParameters&gt;
  &lt;/TemplateInvocation&gt;
&lt;/CompoundTemplate&gt;</tcm:PublisherScript>
        <tcm:DynamicTemplate />
      </tcm:Content>
      <tcm:AllowOnPage>true</tcm:AllowOnPage>
      <tcm:IsRepositoryPublishable>false</tcm:IsRepositoryPublishable>
      <tcm:RelatedSchemas>
        <tcm:RelatedSchema xlink:type="simple" xlink:title="HTML Design Configuration" xlink:href="/webdav/100%20Master/Building%20Blocks/Framework/Site%20Manager/Schemas/HTML%20Design%20Configuration.xsd" />
      </tcm:RelatedSchemas>
      <tcm:TrackingCategories />
      <tcm:MetadataSchema xlink:type="simple" xlink:title="" xlink:href="tcm:0-0-0" />
      <tcm:ParameterSchema xlink:type="simple" xlink:title="" xlink:href="tcm:0-0-0" />
      <tcm:Metadata />
    </tcm:Data>
  </Data>
  <Dependencies>
    <Dependency dependencyType="Publication" itemUrl="/webdav/100%20Master" linkName="LocationInfo/ContextRepository" />
    <Dependency dependencyType="OrganizationalItemFolder" itemUrl="/webdav/100%20Master/Building%20Blocks/Framework/Developer/Templates" linkName="LocationInfo/OrganizationalItem" />
    <Dependency dependencyType="ComponentTemplateAllowedSchema" itemUrl="/webdav/100%20Master/Building%20Blocks/Framework/Site%20Manager/Schemas/HTML%20Design%20Configuration.xsd" linkName="RelatedSchemas[0]" />
    <Dependency dependencyType="TemplateLinkedItem" itemUrl="/webdav/100%20Master/Building%20Blocks/Framework/Developer/Templates/DXA%2ER2/Publish%20HTML%20Design.tbbcs" linkName="ExtractedReferences[0]" />
  </Dependencies>
</PackageItem>