<PackageItem xmlns:tcm="http://www.tridion.com/ContentManager/5.0" xmlns:xlink="http://www.w3.org/1999/xlink" xmlns="http://www.sdltridion.com/ContentManager/ImportExport/Package/2013">
  <Data>
    <tcm:Data>
      <tcm:Title>Homepage Welcome</tcm:Title>
      <tcm:Type>Normal</tcm:Type>
      <tcm:Schema xlink:type="simple" xlink:title="Article" xlink:href="/webdav/200%20Example%20Content/Building%20Blocks/Modules/Core/Editor/Schemas/Article.xsd" IsMandatory="false" />
      <tcm:Content>
        <Article xmlns="http://www.sdl.com/web/schemas/core">
          <headline>Welcome To Demo For Advance Search Functionality in DXA 2.2 with ES 7.9.x</headline>
          <articleBody>
            <content>
              <p xmlns="http://www.w3.org/1999/xhtml">This is a demo in TXE regarding Advance search functionality. We implemented this module based on the latest version of Elastic Search(7.9.x) and includes most of the advance feature</p>
<ul xmlns="http://www.w3.org/1999/xhtml">
<li>Autocomplete, </li>
<li>Suggester, </li>
<li>Facet Search etc</li>
</ul>
<div xmlns="http://www.w3.org/1999/xhtml">Now you can get all this feature out of the box.</div></content>
            <media xmlns:xlink="http://www.w3.org/1999/xlink" xlink:type="simple" xlink:href="/webdav/200%20Example%20Content/Building%20Blocks/Content/Images/Large/New%20Component.jpg" xlink:title="New Component" />
          </articleBody>
        </Article>
      </tcm:Content>
      <tcm:Metadata>
        <Metadata xmlns="http://www.sdl.com/web/schemas/core">
          <standardMeta>
            <description>Lorem ipsum dolor sit amet, consectetur adipiscing elit. Ut semper ex tortor, a ullamcorper sem venenatis sed. In interdum leo eu orci pharetra luctus. Nulla ut blandit urna, ac maximus mauris.</description>
            <name>Home</name>
            <introText>Home page</introText>
          </standardMeta>
        </Metadata>
      </tcm:Metadata>
      <tcm:IsBasedOnTridionWebSchema>true</tcm:IsBasedOnTridionWebSchema>
      <tcm:MultimediaType xlink:type="simple" xlink:title="" xlink:href="tcm:0-0-0" />
    </tcm:Data>
  </Data>
  <Dependencies>
    <Dependency dependencyType="Publication" itemUrl="/webdav/200%20Example%20Content" linkName="LocationInfo/ContextRepository" />
    <Dependency dependencyType="OrganizationalItemFolder" itemUrl="/webdav/200%20Example%20Content/Building%20Blocks/Content/Homepage" linkName="LocationInfo/OrganizationalItem" />
    <Dependency dependencyType="LinkedComponent" itemUrl="/webdav/200%20Example%20Content/Building%20Blocks/Content/Images/Large/New%20Component.jpg" linkName="Content" xpath="*[local-name() = 'Article'][1]/*[local-name() = 'articleBody'][1]/*[local-name() = 'media'][1]/@xlink:href" />
    <Dependency dependencyType="Schema" itemUrl="/webdav/200%20Example%20Content/Building%20Blocks/Modules/Core/Editor/Schemas/Article.xsd" linkName="Schema" />
  </Dependencies>
</PackageItem>