<PackageItem xmlns:tcm="http://www.tridion.com/ContentManager/5.0" xmlns:xlink="http://www.w3.org/1999/xlink" xmlns="http://www.sdltridion.com/ContentManager/ImportExport/Package/2013">
  <BinaryFileLocation>Binaries\10-853.jpg</BinaryFileLocation>
  <Data>
    <tcm:Data>
      <tcm:Title>planes</tcm:Title>
      <tcm:Type>Multimedia</tcm:Type>
      <tcm:Schema xlink:type="simple" xlink:title="Image" xlink:href="/webdav/200%20Example%20Content/Building%20Blocks/Modules/Core/Editor/Schemas/Image.xsd" IsMandatory="false" />
      <tcm:Content />
      <tcm:Metadata>
        <Metadata xmlns="http://www.sdl.com/web/schemas/core" />
      </tcm:Metadata>
      <tcm:IsBasedOnTridionWebSchema>true</tcm:IsBasedOnTridionWebSchema>
      <tcm:MultimediaType xlink:type="simple" xlink:title="Jpeg image" xlink:href="tcm:0-2-65544" />
      <tcm:MultimediaFilename>planes.jpg</tcm:MultimediaFilename>
      <tcm:MultimediaFileSize>641261</tcm:MultimediaFileSize>
      <tcm:IsExternalMultimediaFile>false</tcm:IsExternalMultimediaFile>
    </tcm:Data>
  </Data>
  <Dependencies>
    <Dependency dependencyType="Publication" itemUrl="/webdav/200%20Example%20Content" linkName="LocationInfo/ContextRepository" />
    <Dependency dependencyType="OrganizationalItemFolder" itemUrl="/webdav/200%20Example%20Content/Building%20Blocks/Content/Images/Large" linkName="LocationInfo/OrganizationalItem" />
    <Dependency dependencyType="MultimediaType" itemUrl="/webdav//Jpeg%20image.tmt" linkName="BinaryContent/MultimediaType" />
    <Dependency dependencyType="Schema" itemUrl="/webdav/200%20Example%20Content/Building%20Blocks/Modules/Core/Editor/Schemas/Image.xsd" linkName="Schema" />
  </Dependencies>
</PackageItem>