<PackageItem xmlns:tcm="http://www.tridion.com/ContentManager/5.0" xmlns:xlink="http://www.w3.org/1999/xlink" xmlns="http://www.sdltridion.com/ContentManager/ImportExport/Package/2013">
  <Data>
    <tcm:Data>
      <tcm:Title>Search Box Configuration</tcm:Title>
      <tcm:Type>Normal</tcm:Type>
      <tcm:Schema xlink:type="simple" xlink:title="Search Box" xlink:href="/webdav/200%20Example%20Content/Building%20Blocks/Modules/Search/Site%20Manager/Schemas/Search%20Box.xsd" IsMandatory="false" />
      <tcm:Content>
        <SearchBox xmlns="http://www.sdl.com/web/schemas/search">
          <searchBoxPlaceholderText>Search</searchBoxPlaceholderText>
          <resultsLink xmlns:xlink="http://www.w3.org/1999/xlink" xlink:href="/webdav/200%20Example%20Content/Building%20Blocks/Modules%20Content/Search/Search%20Results.xml" xlink:title="Search Results" />
        </SearchBox>
      </tcm:Content>
      <tcm:Metadata />
      <tcm:IsBasedOnTridionWebSchema>true</tcm:IsBasedOnTridionWebSchema>
      <tcm:MultimediaType xlink:type="simple" xlink:title="" xlink:href="tcm:0-0-0" />
    </tcm:Data>
  </Data>
  <Dependencies>
    <Dependency dependencyType="Publication" itemUrl="/webdav/200%20Example%20Content" linkName="LocationInfo/ContextRepository" />
    <Dependency dependencyType="OrganizationalItemFolder" itemUrl="/webdav/200%20Example%20Content/Building%20Blocks/Modules%20Content/Search" linkName="LocationInfo/OrganizationalItem" />
    <Dependency dependencyType="LinkedComponent" itemUrl="/webdav/200%20Example%20Content/Building%20Blocks/Modules%20Content/Search/Search%20Results.xml" linkName="Content" xpath="*[local-name() = 'SearchBox'][1]/*[local-name() = 'resultsLink'][1]/@xlink:href" />
    <Dependency dependencyType="Schema" itemUrl="/webdav/200%20Example%20Content/Building%20Blocks/Modules/Search/Site%20Manager/Schemas/Search%20Box.xsd" linkName="Schema" />
  </Dependencies>
</PackageItem>