<PackageItem xmlns:tcm="http://www.tridion.com/ContentManager/5.0" xmlns:xlink="http://www.w3.org/1999/xlink" xmlns="http://www.sdltridion.com/ContentManager/ImportExport/Package/2013">
  <Data>
    <tcm:Data>
      <tcm:Title>Search Configuration</tcm:Title>
      <tcm:Type>Normal</tcm:Type>
      <tcm:Schema xlink:type="simple" xlink:title="Search Configuration" xlink:href="/webdav/100%20Master/Building%20Blocks/Modules/Search/Site%20Manager/Schemas/Search%20Configuration.xsd" IsMandatory="false" />
      <tcm:Content>
        <SearchConfig xmlns="http://www.sdl.com/web/schemas/search">
          <stagingIndexConfig>http://localhost:9200/tridion</stagingIndexConfig>
          <liveIndexConfig>http://localhost:9200/tridion</liveIndexConfig>
          <isFacetedSearchEnable>Yes</isFacetedSearchEnable>
          <idOfFacetedSearchCategory>223</idOfFacetedSearchCategory>
          <isSuggesterEnable>Yes</isSuggesterEnable>
          <suggestionResultText>Did you mean &lt;b&gt;{0}&lt;/b&gt;?</suggestionResultText>
          <isAutoCompleteEnable>Yes</isAutoCompleteEnable>
        </SearchConfig>
      </tcm:Content>
      <tcm:Metadata />
      <tcm:IsBasedOnTridionWebSchema>true</tcm:IsBasedOnTridionWebSchema>
      <tcm:MultimediaType xlink:type="simple" xlink:title="" xlink:href="tcm:0-0-0" />
    </tcm:Data>
  </Data>
  <Dependencies>
    <Dependency dependencyType="Publication" itemUrl="/webdav/100%20Master" linkName="LocationInfo/ContextRepository" />
    <Dependency dependencyType="OrganizationalItemFolder" itemUrl="/webdav/100%20Master/Building%20Blocks/Settings/Search/Site%20Manager" linkName="LocationInfo/OrganizationalItem" />
    <Dependency dependencyType="Schema" itemUrl="/webdav/100%20Master/Building%20Blocks/Modules/Search/Site%20Manager/Schemas/Search%20Configuration.xsd" linkName="Schema" />
  </Dependencies>
</PackageItem>