<PackageItem xmlns:tcm="http://www.tridion.com/ContentManager/5.0" xmlns:xlink="http://www.w3.org/1999/xlink" xmlns="http://www.sdltridion.com/ContentManager/ImportExport/Package/2013">
  <Data>
    <tcm:Data>
      <tcm:Title>Extract Components from Page</tcm:Title>
      <tcm:Type>CSharpTemplate</tcm:Type>
      <tcm:Content>
        <tcm:PublisherScript>	/* Generated by Setup Default Templates */
    &lt;%RunTemplate Template="tcm:0-0-0" Class="Tridion.ContentManager.Templating.Templates.ExtractComponentsFromPageTemplate"%&gt;
</tcm:PublisherScript>
      </tcm:Content>
      <tcm:MetadataSchema xlink:type="simple" xlink:title="" xlink:href="tcm:0-0-0" />
      <tcm:ParameterSchema xlink:type="simple" xlink:title="" xlink:href="tcm:0-0-0" />
      <tcm:Metadata />
      <tcm:TemplatePurpose>Rendering</tcm:TemplatePurpose>
    </tcm:Data>
  </Data>
  <Dependencies>
    <Dependency dependencyType="Publication" itemUrl="/webdav/000%20Empty" linkName="LocationInfo/ContextRepository" />
    <Dependency dependencyType="OrganizationalItemFolder" itemUrl="/webdav/000%20Empty/Building%20Blocks/Default%20Templates" linkName="LocationInfo/OrganizationalItem" />
  </Dependencies>
</PackageItem>