<PackageItem xmlns:tcm="http://www.tridion.com/ContentManager/5.0" xmlns:xlink="http://www.w3.org/1999/xlink" xmlns="http://www.sdltridion.com/ContentManager/ImportExport/Package/2013">
  <Data>
    <tcm:Data>
      <tcm:Title>Render Page Content</tcm:Title>
      <tcm:Type>CompoundTemplate</tcm:Type>
      <tcm:Content>
        <tcm:PublisherScript>&lt;CompoundTemplate xmlns="http://www.tridion.com/ContentManager/5.3/CompoundTemplate"&gt;
  &lt;TemplateInvocation&gt;
    &lt;Template xlink:href="/webdav/100%20Master/Building%20Blocks/Framework/Developer/Templates/DXA%2ER2/Generate%20DXA%20R2%20Page%20Model.tbbcs" xmlns:xlink="http://www.w3.org/1999/xlink" xlink:title="Generate DXA R2 Page Model" /&gt;
    &lt;TemplateParameters&gt;
      &lt;Parameters xmlns="http://www.sdl.com/web/schemas/dynamicpage"&gt;
        &lt;expandLinkDepth xmlns="http://www.sdl.com/web/schemas/dynamicpage"&gt;5&lt;/expandLinkDepth&gt;
        &lt;modelBuilderTypeNames xmlns="http://www.sdl.com/web/schemas/dynamicpage"&gt;DefaultModelBuilder;DefaultPageMetaModelBuilder;EclModelBuilder;ContextExpressionsModelBuilder&lt;/modelBuilderTypeNames&gt;
      &lt;/Parameters&gt;
    &lt;/TemplateParameters&gt;
  &lt;/TemplateInvocation&gt;
  &lt;TemplateInvocation&gt;
    &lt;Template xlink:href="/webdav/100%20Master/Building%20Blocks/Modules/Search/Developer/Search%20Template%20Building%20Blocks/Generate%20Index%20Data.tbbcs" xmlns:xlink="http://www.w3.org/1999/xlink" xlink:title="Generate Index Data" /&gt;
    &lt;TemplateParameters&gt;
      &lt;Parameters xmlns="http://www.si4t.org/tridion/schemas/indexing-parameters"&gt;
        &lt;SearchIndexInclude&gt;Include All Fields by Default [include]&lt;/SearchIndexInclude&gt;
      &lt;/Parameters&gt;
    &lt;/TemplateParameters&gt;
  &lt;/TemplateInvocation&gt;
  &lt;TemplateInvocation&gt;
    &lt;Template xlink:href="/webdav/100%20Master/Building%20Blocks/Modules/Search/Developer/Search%20Template%20Building%20Blocks/Add%20Index%20Data%20To%20Output.tbbcs" xmlns:xlink="http://www.w3.org/1999/xlink" xlink:title="Add Index Data To Output" /&gt;
    &lt;TemplateParameters /&gt;
  &lt;/TemplateInvocation&gt;
&lt;/CompoundTemplate&gt;</tcm:PublisherScript>
      </tcm:Content>
      <tcm:MetadataSchema xlink:type="simple" xlink:title="" xlink:href="tcm:0-0-0" />
      <tcm:ParameterSchema xlink:type="simple" xlink:title="" xlink:href="tcm:0-0-0" />
      <tcm:Metadata />
      <tcm:TemplatePurpose>Rendering</tcm:TemplatePurpose>
    </tcm:Data>
  </Data>
  <Dependencies>
    <Dependency dependencyType="Publication" itemUrl="/webdav/100%20Master" linkName="LocationInfo/ContextRepository" />
    <Dependency dependencyType="OrganizationalItemFolder" itemUrl="/webdav/100%20Master/Building%20Blocks/Framework/Developer/Templates/DXA%2ER2" linkName="LocationInfo/OrganizationalItem" />
    <Dependency dependencyType="TemplateLinkedItem" itemUrl="/webdav/100%20Master/Building%20Blocks/Framework/Developer/Templates/DXA%2ER2/Generate%20DXA%20R2%20Page%20Model.tbbcs" linkName="ExtractedReferences[0]" />
    <Dependency dependencyType="TemplateLinkedItem" itemUrl="/webdav/100%20Master/Building%20Blocks/Modules/Search/Developer/Search%20Template%20Building%20Blocks/Generate%20Index%20Data.tbbcs" linkName="ExtractedReferences[1]" />
    <Dependency dependencyType="TemplateLinkedItem" itemUrl="/webdav/100%20Master/Building%20Blocks/Modules/Search/Developer/Search%20Template%20Building%20Blocks/Add%20Index%20Data%20To%20Output.tbbcs" linkName="ExtractedReferences[2]" />
  </Dependencies>
</PackageItem>