<PackageItem xmlns:tcm="http://www.tridion.com/ContentManager/5.0" xmlns:xlink="http://www.w3.org/1999/xlink" xmlns="http://www.sdltridion.com/ContentManager/ImportExport/Package/2013">
  <Data>
    <tcm:Data>
      <tcm:Title>Generate Dynamic Component (DXA)</tcm:Title>
      <tcm:Type>CSharpTemplate</tcm:Type>
      <tcm:Content>
        <tcm:PublisherScript>/* This template was generated through the Tridion Assembly Template Upload */
&lt;%RunTemplate Template="/webdav/100%20Master/Building%20Blocks/Framework/Developer/Templates/DXA%2ELegacy/Sdl%2EWeb%2ETridion%2ETemplates%2ELegacy%2Emerged.tbbasm" Class="Sdl.Web.Tridion.Templates.Legacy.DD4T.GenerateDynamicComponent"%&gt;</tcm:PublisherScript>
      </tcm:Content>
      <tcm:MetadataSchema xlink:type="simple" xlink:title="" xlink:href="tcm:0-0-0" />
      <tcm:ParameterSchema xlink:type="simple" xlink:title="Generate Dynamic Component (DXA)" xlink:href="/webdav/100%20Master/Building%20Blocks/Framework/Developer/Templates/DXA%2ELegacy/Generate%20Dynamic%20Component%20%28DXA%29.xsd" />
      <tcm:Metadata />
      <tcm:TemplatePurpose>Rendering</tcm:TemplatePurpose>
    </tcm:Data>
  </Data>
  <Dependencies>
    <Dependency dependencyType="Publication" itemUrl="/webdav/100%20Master" linkName="LocationInfo/ContextRepository" />
    <Dependency dependencyType="OrganizationalItemFolder" itemUrl="/webdav/100%20Master/Building%20Blocks/Framework/Developer/Templates/DXA%2ELegacy" linkName="LocationInfo/OrganizationalItem" />
    <Dependency dependencyType="ParameterSchema" itemUrl="/webdav/100%20Master/Building%20Blocks/Framework/Developer/Templates/DXA%2ELegacy/Generate%20Dynamic%20Component%20%28DXA%29.xsd" linkName="ParameterSchema" />
    <Dependency dependencyType="TemplateLinkedItem" itemUrl="/webdav/100%20Master/Building%20Blocks/Framework/Developer/Templates/DXA%2ELegacy/Sdl%2EWeb%2ETridion%2ETemplates%2ELegacy%2Emerged.tbbasm" linkName="ExtractedReferences[0]" />
  </Dependencies>
</PackageItem>