<Index dataContractVersion="201701" xmlns="http://www.sdltridion.com/ContentManager/ImportExport/Package/2013">
  <Item id="tcm:0-0-0" selected="false" exported="true">
    <ApplicationIds>
      <ApplicationId>CustomPages</ApplicationId>
      <ApplicationId>http://www.sdl.com/tridion/SemanticMapping/vocabularies</ApplicationId>
    </ApplicationIds>
    <Item id="tcm:0-1-1" title="000%20Empty" itemType="Publication" selected="false" exported="true">
      <Item id="tcm:1-1-2" title="Building%20Blocks" itemType="Folder" blueprintStatus="LocalItem" selected="true" exported="true">
        <Item id="tcm:1-2-2" title="Default%20Templates" itemType="Folder" blueprintStatus="LocalItem" selected="false" exported="true">
          <Item id="tcm:1-11-2048" title="Cleanup%20Template" extension="tbbcs" itemType="TemplateBuildingBlock" blueprintStatus="LocalItem" selected="false" exported="true" />
          <Item id="tcm:1-17-2048" title="Convert%20Xml%20to%20Html" extension="tbbcs" itemType="TemplateBuildingBlock" blueprintStatus="LocalItem" selected="false" exported="true" />
          <Item id="tcm:1-16-8" title="Convert%20Xml%20to%20Html" extension="xsd" itemType="Schema" subtype="6" blueprintStatus="LocalItem" selected="false" exported="true" />
          <Item id="tcm:1-36-32" title="Default%20Component%20Template" extension="tctcmp" itemType="ComponentTemplate" blueprintStatus="LocalItem" selected="false" exported="true" />
          <Item id="tcm:1-30-2048" title="Default%20Dreamweaver%20Component%20Design" extension="dwt" itemType="TemplateBuildingBlock" blueprintStatus="LocalItem" selected="false" exported="true" />
          <Item id="tcm:1-31-2048" title="Default%20Dreamweaver%20Page%20Design" extension="dwt" itemType="TemplateBuildingBlock" blueprintStatus="LocalItem" selected="false" exported="true" />
          <Item id="tcm:1-34-2048" title="Default%20Finish%20Actions" extension="tbbcmp" itemType="TemplateBuildingBlock" blueprintStatus="LocalItem" selected="false" exported="true" />
          <Item id="tcm:1-33-8" title="Default%20Finish%20Actions" extension="xsd" itemType="Schema" subtype="6" blueprintStatus="LocalItem" selected="false" exported="true" />
          <Item id="tcm:1-35-128" title="Default%20Page%20Template" extension="tptcmp" itemType="PageTemplate" blueprintStatus="LocalItem" selected="false" exported="true" />
          <Item id="tcm:1-29-8" title="Dreamweaver%20Region%20Selection" extension="xsd" itemType="Schema" subtype="6" blueprintStatus="LocalItem" selected="false" exported="true" />
          <Item id="tcm:1-20-2048" title="Extract%20Components%20from%20Page" extension="tbbcs" itemType="TemplateBuildingBlock" blueprintStatus="LocalItem" selected="false" exported="true" />
          <Item id="tcm:1-21-2048" title="Extract%20Components%20from%20Regions" extension="tbbcs" itemType="TemplateBuildingBlock" blueprintStatus="LocalItem" selected="false" exported="true" />
          <Item id="tcm:1-25-2048" title="Link%20Resolver" extension="tbbcs" itemType="TemplateBuildingBlock" blueprintStatus="LocalItem" selected="false" exported="true" />
          <Item id="tcm:1-24-8" title="Link%20Resolver" extension="xsd" itemType="Schema" subtype="6" blueprintStatus="LocalItem" selected="false" exported="true" />
          <Item id="tcm:1-27-2048" title="Publish%20Binaries%20in%20Package" extension="tbbcs" itemType="TemplateBuildingBlock" blueprintStatus="LocalItem" selected="false" exported="true" />
          <Item id="tcm:1-26-8" title="Publish%20Binaries%20in%20Package" extension="xsd" itemType="Schema" subtype="6" blueprintStatus="LocalItem" selected="false" exported="true" />
          <Item id="tcm:1-28-2048" title="Target%20Group%20Personalization" extension="tbbcs" itemType="TemplateBuildingBlock" blueprintStatus="LocalItem" selected="false" exported="true" />
          <Item id="tcm:1-47-2048" title="Tridion%2EExtensions%2EContextExpressions%2ETemplates" extension="tbbasm" itemType="TemplateBuildingBlock" blueprintStatus="LocalItem" selected="false" exported="true" />
        </Item>
        <Item id="tcm:1-9-8" title="Default%20Multimedia%20Schema" extension="xsd" itemType="Schema" subtype="1" blueprintStatus="LocalItem" selected="false" exported="true" />
      </Item>
      <Item id="tcm:1-129-4" title="Home" itemType="StructureGroup" blueprintStatus="LocalItem" selected="true" exported="true" />
      <Item id="5a0adac7439a4a4f81cb08d355da81b4" title="Task%20Process" extension="tpd" itemType="ProcessDefinition" selected="false" exported="false" />
    </Item>
    <Item id="tcm:0-8-1" title="100%20Master" itemType="Publication" selected="true" exported="true">
      <Item id="tcm:8-1-2" title="Building%20Blocks" itemType="Folder" blueprintStatus="SharedItem" selected="true" exported="true">
        <Item id="tcm:8-164-2" title="Content" itemType="Folder" blueprintStatus="LocalItem" selected="false" exported="true" />
        <Item id="8ee4b6dec4814577a0206784bd8370fb" title="Default%20Templates" itemType="Folder" selected="false" exported="false">
          <Item id="tcm:8-36-32" title="Default%20Component%20Template" extension="tctcmp" itemType="ComponentTemplate" blueprintStatus="SharedItem" selected="false" exported="true" />
          <Item id="tcm:8-31-2048" title="Default%20Dreamweaver%20Page%20Design" extension="dwt" itemType="TemplateBuildingBlock" blueprintStatus="SharedItem" selected="false" exported="true" />
        </Item>
        <Item id="tcm:8-131-2" title="Framework" itemType="Folder" blueprintStatus="LocalItem" selected="true" exported="true">
          <Item id="tcm:8-132-2" title="Developer" itemType="Folder" blueprintStatus="LocalItem" selected="true" exported="true">
            <Item id="tcm:8-133-2" title="Schemas" itemType="Folder" blueprintStatus="LocalItem" selected="true" exported="true">
              <Item id="tcm:8-656-8" title="Component%20Template%20Metadata" extension="xsd" itemType="Schema" subtype="3" blueprintStatus="LocalItem" selected="true" exported="true" />
              <Item id="tcm:8-716-8" title="Module%20Configuration" extension="xsd" itemType="Schema" blueprintStatus="LocalItem" selected="true" exported="true" />
              <Item id="tcm:8-713-8" title="Module%20Dependency" extension="xsd" itemType="Schema" subtype="2" blueprintStatus="LocalItem" selected="true" exported="true" />
              <Item id="tcm:8-633-8" title="Page%20Template%20Metadata" extension="xsd" itemType="Schema" subtype="3" blueprintStatus="LocalItem" selected="true" exported="true" />
              <Item id="tcm:8-632-8" title="Region%20Metadata" extension="xsd" itemType="Schema" subtype="2" blueprintStatus="LocalItem" selected="true" exported="true" />
              <Item id="tcm:8-642-8" title="ZIP%20file" extension="xsd" itemType="Schema" subtype="1" blueprintStatus="LocalItem" selected="true" exported="true" />
            </Item>
            <Item id="tcm:8-134-2" title="Templates" itemType="Folder" blueprintStatus="LocalItem" selected="true" exported="true">
              <Item id="tcm:8-145-2" title="DXA%2ELegacy" itemType="Folder" blueprintStatus="LocalItem" selected="true" exported="true">
                <Item id="tcm:8-720-2048" title="Add%20Target%20Groups" extension="tbbcs" itemType="TemplateBuildingBlock" blueprintStatus="LocalItem" selected="true" exported="true" />
                <Item id="tcm:8-769-2048" title="Add%20inherited%20metadata%20to%20component" extension="tbbcs" itemType="TemplateBuildingBlock" blueprintStatus="LocalItem" selected="true" exported="true" />
                <Item id="tcm:8-768-8" title="Add%20inherited%20metadata%20to%20component" extension="xsd" itemType="Schema" subtype="6" blueprintStatus="LocalItem" selected="true" exported="true" />
                <Item id="tcm:8-680-2048" title="Add%20inherited%20metadata%20to%20page" extension="tbbcs" itemType="TemplateBuildingBlock" blueprintStatus="LocalItem" selected="true" exported="true" />
                <Item id="tcm:8-677-8" title="Add%20inherited%20metadata%20to%20page" extension="xsd" itemType="Schema" subtype="6" blueprintStatus="LocalItem" selected="true" exported="true" />
                <Item id="tcm:8-805-2048" title="Compress%20Output" extension="tbbcs" itemType="TemplateBuildingBlock" blueprintStatus="LocalItem" selected="true" exported="true" />
                <Item id="tcm:8-679-2048" title="DD4T%2ETemplates%2EMerged" extension="tbbasm" itemType="TemplateBuildingBlock" blueprintStatus="LocalItem" selected="true" exported="true" />
                <Item id="tcm:8-796-2048" title="Default%20Component%20Template%20Finish%20Actions%20%28Legacy%29" extension="tbbcmp" itemType="TemplateBuildingBlock" blueprintStatus="LocalItem" selected="true" exported="true" />
                <Item id="tcm:8-726-2048" title="Default%20Page%20Template%20Finish%20Actions%20%28Legacy%29" extension="tbbcmp" itemType="TemplateBuildingBlock" blueprintStatus="LocalItem" selected="true" exported="true" />
                <Item id="tcm:8-767-2048" title="Generate%20Dynamic%20Component%20%28DXA%29" extension="tbbcs" itemType="TemplateBuildingBlock" blueprintStatus="LocalItem" selected="true" exported="true" />
                <Item id="tcm:8-766-8" title="Generate%20Dynamic%20Component%20%28DXA%29" extension="xsd" itemType="Schema" subtype="6" blueprintStatus="LocalItem" selected="true" exported="true" />
                <Item id="tcm:8-707-2048" title="Generate%20Dynamic%20Page%20%28DXA%29" extension="tbbcs" itemType="TemplateBuildingBlock" blueprintStatus="LocalItem" selected="true" exported="true" />
                <Item id="tcm:8-706-8" title="Generate%20Dynamic%20Page%20%28DXA%29" extension="xsd" itemType="Schema" subtype="6" blueprintStatus="LocalItem" selected="true" exported="true" />
                <Item id="tcm:8-763-2048" title="Generate%20Resources" extension="tbbcs" itemType="TemplateBuildingBlock" blueprintStatus="LocalItem" selected="true" exported="true" />
                <Item id="tcm:8-762-8" title="Generate%20Resources" extension="xsd" itemType="Schema" subtype="6" blueprintStatus="LocalItem" selected="true" exported="true" />
                <Item id="tcm:8-804-2048" title="Generate%20Sitemap" extension="tbbcs" itemType="TemplateBuildingBlock" blueprintStatus="LocalItem" selected="true" exported="true" />
                <Item id="tcm:8-787-2048" title="Generate%20dynamic%20component%20presentation" extension="tbbcs" itemType="TemplateBuildingBlock" blueprintStatus="LocalItem" selected="true" exported="true" />
                <Item id="tcm:8-786-8" title="Generate%20dynamic%20component%20presentation" extension="xsd" itemType="Schema" subtype="6" blueprintStatus="LocalItem" selected="true" exported="true" />
                <Item id="tcm:8-760-2048" title="Generate%20dynamic%20component" extension="tbbcs" itemType="TemplateBuildingBlock" blueprintStatus="LocalItem" selected="true" exported="true" />
                <Item id="tcm:8-752-8" title="Generate%20dynamic%20component" extension="xsd" itemType="Schema" subtype="6" blueprintStatus="LocalItem" selected="true" exported="true" />
                <Item id="tcm:8-723-2048" title="Generate%20dynamic%20page" extension="tbbcs" itemType="TemplateBuildingBlock" blueprintStatus="LocalItem" selected="true" exported="true" />
                <Item id="tcm:8-678-8" title="Generate%20dynamic%20page" extension="xsd" itemType="Schema" subtype="6" blueprintStatus="LocalItem" selected="true" exported="true" />
                <Item id="tcm:8-683-2048" title="Preview%20page" extension="tbbcs" itemType="TemplateBuildingBlock" blueprintStatus="LocalItem" selected="true" exported="true" />
                <Item id="tcm:8-675-2048" title="Publish%20Configuration" extension="tbbcs" itemType="TemplateBuildingBlock" blueprintStatus="LocalItem" selected="true" exported="true" />
                <Item id="tcm:8-646-2048" title="Publish%20HTML%20Design" extension="tbbcs" itemType="TemplateBuildingBlock" blueprintStatus="LocalItem" selected="true" exported="true" />
                <Item id="tcm:8-644-8" title="Publish%20HTML%20Design" extension="xsd" itemType="Schema" subtype="6" blueprintStatus="LocalItem" selected="true" exported="true" />
                <Item id="tcm:8-734-2048" title="Publish%20Mappings" extension="tbbcs" itemType="TemplateBuildingBlock" blueprintStatus="LocalItem" selected="true" exported="true" />
                <Item id="tcm:8-733-8" title="Publish%20Mappings" extension="xsd" itemType="Schema" subtype="6" blueprintStatus="LocalItem" selected="true" exported="true" />
                <Item id="tcm:8-792-2048" title="Publish%20Resources" extension="tbbcs" itemType="TemplateBuildingBlock" blueprintStatus="LocalItem" selected="true" exported="true" />
                <Item id="tcm:8-795-2048" title="Publish%20binaries%20for%20component" extension="tbbcs" itemType="TemplateBuildingBlock" blueprintStatus="LocalItem" selected="true" exported="true" />
                <Item id="tcm:8-794-8" title="Publish%20binaries%20for%20component" extension="xsd" itemType="Schema" subtype="6" blueprintStatus="LocalItem" selected="true" exported="true" />
                <Item id="tcm:8-777-2048" title="Publish%20binaries%20for%20page" extension="tbbcs" itemType="TemplateBuildingBlock" blueprintStatus="LocalItem" selected="true" exported="true" />
                <Item id="tcm:8-666-8" title="Publish%20binaries%20for%20page" extension="xsd" itemType="Schema" subtype="6" blueprintStatus="LocalItem" selected="true" exported="true" />
                <Item id="tcm:8-814-2048" title="Render%20Component%20Content%20%28Legacy%29" extension="tbbcmp" itemType="TemplateBuildingBlock" blueprintStatus="LocalItem" selected="true" exported="true" />
                <Item id="tcm:8-731-2048" title="Render%20Component%20Presentations" extension="tbbcs" itemType="TemplateBuildingBlock" blueprintStatus="LocalItem" selected="true" exported="true" />
                <Item id="tcm:8-708-2048" title="Render%20Page%20Content%20%28Legacy%29" extension="tbbcmp" itemType="TemplateBuildingBlock" blueprintStatus="LocalItem" selected="true" exported="true" />
                <Item id="tcm:8-725-2048" title="Resolve%20Rich%20Text" extension="tbbcs" itemType="TemplateBuildingBlock" blueprintStatus="LocalItem" selected="true" exported="true" />
                <Item id="tcm:8-724-8" title="Resolve%20Rich%20Text" extension="xsd" itemType="Schema" subtype="6" blueprintStatus="LocalItem" selected="true" exported="true" />
                <Item id="tcm:8-645-2048" title="Sdl%2EWeb%2ETridion%2ETemplates%2ELegacy%2Emerged" extension="tbbasm" itemType="TemplateBuildingBlock" blueprintStatus="LocalItem" selected="true" exported="true" />
              </Item>
              <Item id="tcm:8-135-2" title="DXA%2ER2" itemType="Folder" blueprintStatus="LocalItem" selected="true" exported="true">
                <Item id="tcm:8-660-2048" title="Default%20Component%20Template%20Finish%20Actions" extension="tbbcmp" itemType="TemplateBuildingBlock" blueprintStatus="LocalItem" selected="true" exported="true" />
                <Item id="tcm:8-638-2048" title="Default%20Page%20Template%20Finish%20Actions" extension="tbbcmp" itemType="TemplateBuildingBlock" blueprintStatus="LocalItem" selected="true" exported="true" />
                <Item id="tcm:8-658-2048" title="Generate%20DXA%20R2%20Entity%20Model" extension="tbbcs" itemType="TemplateBuildingBlock" blueprintStatus="LocalItem" selected="true" exported="true" />
                <Item id="tcm:8-657-8" title="Generate%20DXA%20R2%20Entity%20Model" extension="xsd" itemType="Schema" subtype="6" blueprintStatus="LocalItem" selected="true" exported="true" />
                <Item id="tcm:8-636-2048" title="Generate%20DXA%20R2%20Page%20Model" extension="tbbcs" itemType="TemplateBuildingBlock" blueprintStatus="LocalItem" selected="true" exported="true" />
                <Item id="tcm:8-634-8" title="Generate%20DXA%20R2%20Page%20Model" extension="xsd" itemType="Schema" subtype="6" blueprintStatus="LocalItem" selected="true" exported="true" />
                <Item id="tcm:8-755-2048" title="Generate%20Sitemap" extension="tbbcs" itemType="TemplateBuildingBlock" blueprintStatus="LocalItem" selected="true" exported="true" />
                <Item id="tcm:8-700-2048" title="Publish%20Configuration" extension="tbbcs" itemType="TemplateBuildingBlock" blueprintStatus="LocalItem" selected="true" exported="true" />
                <Item id="tcm:8-780-2048" title="Publish%20HTML%20Design" extension="tbbcs" itemType="TemplateBuildingBlock" blueprintStatus="LocalItem" selected="true" exported="true" />
                <Item id="tcm:8-682-8" title="Publish%20HTML%20Design" extension="xsd" itemType="Schema" subtype="6" blueprintStatus="LocalItem" selected="true" exported="true" />
                <Item id="tcm:8-718-2048" title="Publish%20Mappings" extension="tbbcs" itemType="TemplateBuildingBlock" blueprintStatus="LocalItem" selected="true" exported="true" />
                <Item id="tcm:8-717-8" title="Publish%20Mappings" extension="xsd" itemType="Schema" subtype="6" blueprintStatus="LocalItem" selected="true" exported="true" />
                <Item id="tcm:8-712-2048" title="Publish%20Resources" extension="tbbcs" itemType="TemplateBuildingBlock" blueprintStatus="LocalItem" selected="true" exported="true" />
                <Item id="tcm:8-659-2048" title="Render%20Component%20Content" extension="tbbcmp" itemType="TemplateBuildingBlock" blueprintStatus="LocalItem" selected="true" exported="true" />
                <Item id="tcm:8-702-2048" title="Render%20Component%20Presentations" extension="tbbcs" itemType="TemplateBuildingBlock" blueprintStatus="LocalItem" selected="true" exported="true" />
                <Item id="tcm:8-637-2048" title="Render%20Page%20Content" extension="tbbcmp" itemType="TemplateBuildingBlock" blueprintStatus="LocalItem" selected="true" exported="true" />
                <Item id="tcm:8-635-2048" title="Sdl%2EWeb%2ETridion%2ETemplates%2ER2%2Emerged" extension="tbbasm" itemType="TemplateBuildingBlock" blueprintStatus="LocalItem" selected="true" exported="true" />
              </Item>
              <Item id="tcm:8-169-2" title="DXA%2EUpgrade" itemType="Folder" blueprintStatus="LocalItem" selected="true" exported="true" />
              <Item id="tcm:8-701-32" title="Generate%20Data%20Presentation" extension="tctcmp" itemType="ComponentTemplate" blueprintStatus="LocalItem" selected="true" exported="true" />
              <Item id="tcm:8-756-32" title="Generate%20Navigation" extension="tctcmp" itemType="ComponentTemplate" blueprintStatus="LocalItem" selected="true" exported="true" />
              <Item id="tcm:8-703-128" title="JSON" extension="tptcmp" itemType="PageTemplate" blueprintStatus="LocalItem" selected="true" exported="true" />
              <Item id="tcm:8-782-32" title="Publish%20HTML%20Design" extension="tctcmp" itemType="ComponentTemplate" blueprintStatus="LocalItem" selected="true" exported="true" />
              <Item id="tcm:8-719-32" title="Publish%20Settings" extension="tctcmp" itemType="ComponentTemplate" blueprintStatus="LocalItem" selected="true" exported="true" />
            </Item>
          </Item>
          <Item id="tcm:8-154-2" title="Site%20Manager" itemType="Folder" blueprintStatus="LocalItem" selected="false" exported="true">
            <Item id="tcm:8-155-2" title="Schemas" itemType="Folder" blueprintStatus="LocalItem" selected="false" exported="true">
              <Item id="tcm:8-676-8" title="Bootstrap%20Configuration" extension="xsd" itemType="Schema" blueprintStatus="LocalItem" selected="false" exported="true" />
              <Item id="tcm:8-714-8" title="Favicon" extension="xsd" itemType="Schema" subtype="1" blueprintStatus="LocalItem" selected="false" exported="true" />
              <Item id="tcm:8-715-8" title="HTML%20Design%20Configuration" extension="xsd" itemType="Schema" blueprintStatus="LocalItem" selected="false" exported="true" />
              <Item id="tcm:8-681-8" title="Module%20Design%20Configuration" extension="xsd" itemType="Schema" blueprintStatus="LocalItem" selected="false" exported="true" />
              <Item id="tcm:8-785-8" title="Publication%20Metadata" extension="xsd" itemType="Schema" subtype="3" blueprintStatus="LocalItem" selected="false" exported="true" />
            </Item>
          </Item>
        </Item>
        <Item id="tcm:8-137-2" title="Modules" itemType="Folder" blueprintStatus="LocalItem" selected="true" exported="true">
          <Item id="tcm:8-138-2" title="Core" itemType="Folder" blueprintStatus="LocalItem" selected="false" exported="true">
            <Item id="tcm:8-139-2" title="Editor" itemType="Folder" blueprintStatus="LocalItem" selected="false" exported="true">
              <Item id="tcm:8-141-2" title="Schemas" itemType="Folder" blueprintStatus="LocalItem" selected="false" exported="true">
                <Item id="tcm:8-146-2" title="Embedded" itemType="Folder" blueprintStatus="LocalItem" selected="false" exported="true">
                  <Item id="tcm:8-652-8" title="Item%20List%20Element" extension="xsd" itemType="Schema" subtype="2" blueprintStatus="LocalItem" selected="false" exported="true" />
                  <Item id="tcm:8-651-8" title="Link" extension="xsd" itemType="Schema" subtype="2" blueprintStatus="LocalItem" selected="false" exported="true">
                    <ApplicationIds>
                      <ApplicationId>http://www.sdl.com/tridion/SemanticMapping/typeof</ApplicationId>
                    </ApplicationIds>
                  </Item>
                  <Item id="tcm:8-685-8" title="Paragraph" extension="xsd" itemType="Schema" subtype="2" blueprintStatus="LocalItem" selected="false" exported="true" />
                  <Item id="tcm:8-647-8" title="Standard%20Metadata" extension="xsd" itemType="Schema" subtype="2" blueprintStatus="LocalItem" selected="false" exported="true" />
                </Item>
                <Item id="tcm:8-142-2" title="Page%20Schemas" itemType="Folder" blueprintStatus="LocalItem" selected="false" exported="true">
                  <Item id="tcm:8-640-8" title="Content%20Page" extension="xsd" itemType="Schema" subtype="8" blueprintStatus="LocalItem" selected="false" exported="true" />
                  <Item id="tcm:8-699-8" title="Include%20Page%20%28Header%29" extension="xsd" itemType="Schema" subtype="8" blueprintStatus="LocalItem" selected="false" exported="true" />
                  <Item id="tcm:8-704-8" title="Include%20Page" extension="xsd" itemType="Schema" subtype="8" blueprintStatus="LocalItem" selected="false" exported="true" />
                </Item>
                <Item id="tcm:8-143-2" title="Region%20Schemas" itemType="Folder" blueprintStatus="LocalItem" selected="false" exported="true">
                  <Item id="tcm:8-698-8" title="%5BInfo%5D%20Region" extension="xsd" itemType="Schema" subtype="8" blueprintStatus="LocalItem" selected="false" exported="true" />
                  <Item id="tcm:8-697-8" title="%5BLogo%5D%20Region" extension="xsd" itemType="Schema" subtype="8" blueprintStatus="LocalItem" selected="false" exported="true" />
                  <Item id="tcm:8-639-8" title="%5BMain%5D%20Region" extension="xsd" itemType="Schema" subtype="8" blueprintStatus="LocalItem" selected="false" exported="true" />
                  <Item id="tcm:8-684-8" title="%5BNav%5D%20Region" extension="xsd" itemType="Schema" subtype="8" blueprintStatus="LocalItem" selected="false" exported="true" />
                </Item>
                <Item id="tcm:8-686-8" title="Article" extension="xsd" itemType="Schema" blueprintStatus="LocalItem" selected="false" exported="true">
                  <ApplicationIds>
                    <ApplicationId>http://www.sdl.com/tridion/SemanticMapping/typeof</ApplicationId>
                  </ApplicationIds>
                </Item>
                <Item id="tcm:8-649-8" title="Image" extension="xsd" itemType="Schema" subtype="1" blueprintStatus="LocalItem" selected="false" exported="true">
                  <ApplicationIds>
                    <ApplicationId>http://www.sdl.com/tridion/SemanticMapping/typeof</ApplicationId>
                  </ApplicationIds>
                </Item>
                <Item id="tcm:8-653-8" title="Item%20List" extension="xsd" itemType="Schema" blueprintStatus="LocalItem" selected="false" exported="true" />
                <Item id="tcm:8-654-8" title="Link%20List" extension="xsd" itemType="Schema" blueprintStatus="LocalItem" selected="false" exported="true" />
                <Item id="tcm:8-728-8" title="Teaser" extension="xsd" itemType="Schema" blueprintStatus="LocalItem" selected="false" exported="true" />
                <Item id="tcm:8-721-8" title="YouTube%20Video" extension="xsd" itemType="Schema" subtype="1" blueprintStatus="LocalItem" selected="false" exported="true" />
              </Item>
              <Item id="tcm:8-140-2" title="Templates" itemType="Folder" blueprintStatus="LocalItem" selected="false" exported="true">
                <Item id="tcm:8-750-128" title="Content%20Page%20Without%20Navigation" extension="tptcmp" itemType="PageTemplate" blueprintStatus="LocalItem" selected="false" exported="true" />
                <Item id="tcm:8-641-128" title="Content%20Page" extension="tptcmp" itemType="PageTemplate" blueprintStatus="LocalItem" selected="false" exported="true" />
                <Item id="tcm:8-816-128" title="Include%20Page%20%28Header%29" extension="tptcmp" itemType="PageTemplate" blueprintStatus="LocalItem" selected="false" exported="true" />
              </Item>
            </Item>
            <Item id="tcm:8-149-2" title="Site%20Manager" itemType="Folder" blueprintStatus="LocalItem" selected="false" exported="true">
              <Item id="tcm:8-151-2" title="Schemas" itemType="Folder" blueprintStatus="LocalItem" selected="false" exported="true">
                <Item id="tcm:8-710-8" title="Language%20Selector%20Configuration" extension="xsd" itemType="Schema" blueprintStatus="LocalItem" selected="false" exported="true" />
                <Item id="tcm:8-754-8" title="Navigation%20Configuration" extension="xsd" itemType="Schema" blueprintStatus="LocalItem" selected="false" exported="true" />
                <Item id="tcm:8-747-8" title="Notification%20Bar" extension="xsd" itemType="Schema" blueprintStatus="LocalItem" selected="false" exported="true" />
              </Item>
              <Item id="tcm:8-150-2" title="Templates" itemType="Folder" blueprintStatus="LocalItem" selected="false" exported="true">
                <Item id="tcm:8-748-32" title="Cookie%20Notification%20Bar" extension="tctcmp" itemType="ComponentTemplate" blueprintStatus="LocalItem" selected="false" exported="true" />
                <Item id="tcm:8-789-32" title="Header%20Links" extension="tctcmp" itemType="ComponentTemplate" blueprintStatus="LocalItem" selected="false" exported="true" />
                <Item id="tcm:8-808-32" title="Header%20Logo" extension="tctcmp" itemType="ComponentTemplate" blueprintStatus="LocalItem" selected="false" exported="true" />
                <Item id="tcm:8-705-128" title="Include%20Page" extension="tptcmp" itemType="PageTemplate" blueprintStatus="LocalItem" selected="false" exported="true" />
                <Item id="tcm:8-773-32" title="Language%20Selector" extension="tctcmp" itemType="ComponentTemplate" blueprintStatus="LocalItem" selected="false" exported="true" />
                <Item id="tcm:8-775-32" title="Old%20Browser%20Notification%20Bar" extension="tctcmp" itemType="ComponentTemplate" blueprintStatus="LocalItem" selected="false" exported="true" />
                <Item id="tcm:8-810-32" title="Top%20Navigation" extension="tctcmp" itemType="ComponentTemplate" blueprintStatus="LocalItem" selected="false" exported="true" />
              </Item>
            </Item>
          </Item>
          <Item id="tcm:8-208-2" title="Search" itemType="Folder" blueprintStatus="LocalItem" selected="true" exported="true">
            <Item id="tcm:8-209-2" title="Admin" itemType="Folder" blueprintStatus="LocalItem" selected="true" exported="true">
              <Item id="tcm:8-940" title="Search" extension="xml" itemType="Component" blueprintStatus="LocalItem" selected="true" exported="true" />
            </Item>
            <Item id="tcm:8-216-2" title="Developer" itemType="Folder" blueprintStatus="LocalItem" selected="true" exported="true">
              <Item id="tcm:8-217-2" title="Search%20Template%20Building%20Blocks" itemType="Folder" blueprintStatus="LocalItem" selected="true" exported="true">
                <Item id="tcm:8-945-2048" title="Add%20Index%20Data%20To%20Output" extension="tbbcs" itemType="TemplateBuildingBlock" blueprintStatus="LocalItem" selected="true" exported="true" />
                <Item id="tcm:8-947-2048" title="Enable%20Search%20Indexing" extension="tbbcmp" itemType="TemplateBuildingBlock" blueprintStatus="LocalItem" selected="true" exported="true" />
                <Item id="tcm:8-946-2048" title="Generate%20Index%20Data" extension="tbbcs" itemType="TemplateBuildingBlock" blueprintStatus="LocalItem" selected="true" exported="true" />
                <Item id="tcm:8-943-8" title="Generate%20Index%20Data" extension="xsd" itemType="Schema" subtype="6" blueprintStatus="LocalItem" selected="true" exported="true" />
                <Item id="tcm:8-944-2048" title="SI4T%2ETemplating" extension="tbbasm" itemType="TemplateBuildingBlock" blueprintStatus="LocalItem" selected="true" exported="true" />
              </Item>
            </Item>
            <Item id="tcm:8-214-2" title="Editor" itemType="Folder" blueprintStatus="LocalItem" selected="true" exported="true">
              <Item id="tcm:8-218-2" title="Schemas" itemType="Folder" blueprintStatus="LocalItem" selected="true" exported="true">
                <Item id="tcm:8-963-8" title="Search%20Field%20Mapping" extension="xsd" itemType="Schema" subtype="3" blueprintStatus="LocalItem" selected="true" exported="true" />
                <Item id="tcm:8-950-8" title="Search%20Indexing%20Metadata" extension="xsd" itemType="Schema" subtype="3" blueprintStatus="LocalItem" selected="true" exported="true" />
                <Item id="tcm:8-949-8" title="Search%20Query" extension="xsd" itemType="Schema" blueprintStatus="LocalItem" selected="true" exported="true" />
              </Item>
              <Item id="tcm:8-219-2" title="Templates" itemType="Folder" blueprintStatus="LocalItem" selected="true" exported="true">
                <Item id="tcm:8-951-32" title="Search%20Results" extension="tctcmp" itemType="ComponentTemplate" blueprintStatus="LocalItem" selected="true" exported="true" />
              </Item>
            </Item>
            <Item id="tcm:8-212-2" title="Site%20Manager" itemType="Folder" blueprintStatus="LocalItem" selected="true" exported="true">
              <Item id="tcm:8-213-2" title="Schemas" itemType="Folder" blueprintStatus="LocalItem" selected="true" exported="true">
                <Item id="tcm:8-941-8" title="Search%20Box" extension="xsd" itemType="Schema" blueprintStatus="LocalItem" selected="true" exported="true" />
                <Item id="tcm:8-938-8" title="Search%20Configuration" extension="xsd" itemType="Schema" blueprintStatus="LocalItem" selected="true" exported="true" />
              </Item>
              <Item id="tcm:8-215-2" title="Templates" itemType="Folder" blueprintStatus="LocalItem" selected="true" exported="true">
                <Item id="tcm:8-948-32" title="Search%20Box%20%5BNav%5D" extension="tctcmp" itemType="ComponentTemplate" blueprintStatus="LocalItem" selected="true" exported="true" />
                <Item id="tcm:8-942-32" title="Search%20Box" extension="tctcmp" itemType="ComponentTemplate" blueprintStatus="LocalItem" selected="true" exported="true" />
              </Item>
            </Item>
          </Item>
        </Item>
        <Item id="tcm:8-166-2" title="Modules%20Content" itemType="Folder" blueprintStatus="LocalItem" selected="true" exported="true" />
        <Item id="tcm:8-156-2" title="Settings" itemType="Folder" blueprintStatus="LocalItem" selected="true" exported="true">
          <Item id="tcm:8-157-2" title="Core" itemType="Folder" blueprintStatus="LocalItem" selected="false" exported="true">
            <Item id="tcm:8-161-2" title="Site%20Manager" itemType="Folder" blueprintStatus="LocalItem" selected="false" exported="true">
              <Item id="tcm:8-711" title="Language%20Selector%20Configuration" extension="xml" itemType="Component" blueprintStatus="LocalItem" selected="false" exported="true" />
              <Item id="tcm:8-758" title="Navigation%20Configuration" extension="xml" itemType="Component" blueprintStatus="LocalItem" selected="false" exported="true" />
            </Item>
          </Item>
          <Item id="tcm:8-210-2" title="Search" itemType="Folder" blueprintStatus="LocalItem" selected="true" exported="true">
            <Item id="tcm:8-211-2" title="Site%20Manager" itemType="Folder" blueprintStatus="LocalItem" selected="true" exported="true">
              <Item id="tcm:8-939" title="Search%20Configuration" extension="xml" itemType="Component" blueprintStatus="LocalItem" selected="true" exported="true" />
            </Item>
          </Item>
        </Item>
        <Item id="tcm:8-9-8" title="Default%20Multimedia%20Schema" extension="xsd" itemType="Schema" subtype="1" blueprintStatus="SharedItem" selected="false" exported="true" />
      </Item>
      <Item id="tcm:8-223-512" title="Faceted%20Search%20Category" itemType="Category" blueprintStatus="LocalItem" selected="true" exported="true">
        <Item id="tcm:8-964-1024" title="Content%20Classification" extension="tkw" itemType="Keyword" blueprintStatus="LocalItem" selected="true" exported="true" />
        <Item id="tcm:8-965-1024" title="Content%20Owner" extension="tkw" itemType="Keyword" blueprintStatus="LocalItem" selected="true" exported="true" />
        <Item id="tcm:8-966-1024" title="Content%20Type" extension="tkw" itemType="Keyword" blueprintStatus="LocalItem" selected="true" exported="true" />
      </Item>
      <Item id="tcm:8-129-4" title="Home" itemType="StructureGroup" blueprintStatus="SharedItem" selected="false" exported="true">
        <Item id="tcm:8-159-4" title="_System" itemType="StructureGroup" blueprintStatus="LocalItem" selected="true" exported="true">
          <Item id="tcm:8-160-4" title="include" itemType="StructureGroup" blueprintStatus="LocalItem" selected="true" exported="true" />
        </Item>
      </Item>
      <Item id="tcm:8-165-512" title="Navigation%20Type" itemType="Category" blueprintStatus="LocalItem" selected="false" exported="true">
        <Item id="tcm:8-757-1024" title="Localizable%20-%20Based%20on%20Component%20content%2Fmetadata%20field%20values" extension="tkw" itemType="Keyword" blueprintStatus="LocalItem" selected="false" exported="true" />
        <Item id="tcm:8-753-1024" title="Simple%20-%20Based%20on%20Page%20and%20Structure%20Group%20titles" extension="tkw" itemType="Keyword" blueprintStatus="LocalItem" selected="false" exported="true" />
      </Item>
      <Item id="tcm:8-136-512" title="Sitemap%20%5BNavigation%5D" itemType="Category" blueprintStatus="LocalItem" selected="false" exported="true" />
      <Item id="8888d67e40274d1b92d7d50ded44ee74" title="Task%20Process" extension="tpd" itemType="ProcessDefinition" selected="false" exported="false" />
    </Item>
    <Item id="tcm:0-9-1" title="110%20DXA%20Site%20Type" itemType="Publication" selected="false" exported="true">
      <ApplicationIds>
        <ApplicationId>SiteEdit</ApplicationId>
      </ApplicationIds>
      <Item id="3242c3c96ad74b7ebae8a61da1a5b00c" title="Building%20Blocks" itemType="Folder" selected="false" exported="false">
        <Item id="tcm:9-164-2" title="Content" itemType="Folder" blueprintStatus="SharedItem" selected="false" exported="true">
          <Item id="88c4efa4a2554a51b0f32806d8a19b54" title="Articles" itemType="Folder" selected="false" exported="false">
            <Item id="54fa0da9621248558dcfbecd707940b3" title="News" itemType="Folder" selected="false" exported="false" />
          </Item>
          <Item id="tcm:9-181-2" title="Images" itemType="Folder" blueprintStatus="LocalItem" selected="false" exported="true" />
          <Item id="tcm:9-174-2" title="Video" itemType="Folder" blueprintStatus="LocalItem" selected="false" exported="true" />
          <Item id="36aa3129d213499dac82a689086153b5" title="_Cloneable%20Content" itemType="Folder" selected="false" exported="false">
            <Item id="3ba050b7b56144faa06caa15af3f77b4" title="Article" extension="xml" itemType="Component" selected="false" exported="false" />
            <Item id="783b9354218b4bba875a93c58579b1c9" title="Content%20List" extension="xml" itemType="Component" selected="false" exported="false" />
            <Item id="66dae9921f1849718c94e1a77f82cb6f" title="Content%20Query" extension="xml" itemType="Component" selected="false" exported="false" />
            <Item id="f713860990244330b118527551e9d2ee" title="Image%20List" extension="xml" itemType="Component" selected="false" exported="false" />
            <Item id="ad5df17827c84e588eff63a5dff80694" title="Large%20Image" extension="jpg" itemType="Component" selected="false" exported="false" />
            <Item id="941b402a31b340b2a8a4a651eb233294" title="News%20Article" extension="xml" itemType="Component" selected="false" exported="false" />
            <Item id="b8d8369cbf784ec98f4aded24badd9db" title="Place" extension="xml" itemType="Component" selected="false" exported="false" />
            <Item id="97216d7680e54cd88c8b8dc58dd0608e" title="YouTube%20Video" extension="jpg" itemType="Component" selected="false" exported="false" />
          </Item>
          <Item id="tcm:9-173-2" title="_Structure" itemType="Folder" blueprintStatus="LocalItem" selected="false" exported="true">
            <Item id="tcm:9-175-2" title="Header" itemType="Folder" blueprintStatus="LocalItem" selected="false" exported="true">
              <Item id="tcm:9-838" title="Old%20Browser%20bar" extension="xml" itemType="Component" blueprintStatus="LocalItem" selected="false" exported="true" />
            </Item>
          </Item>
        </Item>
        <Item id="30a13e6cc63143bc8001ea0252987615" title="Default%20Templates" itemType="Folder" selected="false" exported="false">
          <Item id="tcm:9-36-32" title="Default%20Component%20Template" extension="tctcmp" itemType="ComponentTemplate" blueprintStatus="SharedItem" selected="false" exported="true" />
          <Item id="tcm:9-31-2048" title="Default%20Dreamweaver%20Page%20Design" extension="dwt" itemType="TemplateBuildingBlock" blueprintStatus="SharedItem" selected="false" exported="true" />
        </Item>
        <Item id="d557660dfc764df7ad5aa49c3e63d8ff" title="Modules" itemType="Folder" selected="false" exported="false">
          <Item id="b305ca97279f4f1a86c6e7a7d46c0674" title="Core" itemType="Folder" selected="false" exported="false">
            <Item id="7eabe76f27ba4e2ebc53d8100de8d876" title="Editor" itemType="Folder" selected="false" exported="false">
              <Item id="e4cab86b457f42b083ea82d69f6559b3" title="Schemas" itemType="Folder" selected="false" exported="false">
                <Item id="tcm:9-649-8" title="Image" extension="xsd" itemType="Schema" subtype="1" blueprintStatus="SharedItem" selected="false" exported="true">
                  <ApplicationIds>
                    <ApplicationId>http://www.sdl.com/tridion/SemanticMapping/typeof</ApplicationId>
                  </ApplicationIds>
                </Item>
                <Item id="tcm:9-721-8" title="YouTube%20Video" extension="xsd" itemType="Schema" subtype="1" blueprintStatus="SharedItem" selected="false" exported="true" />
              </Item>
              <Item id="1c409f3d329546aa9ebea9293ff2b6f4" title="Templates" itemType="Folder" selected="false" exported="false">
                <Item id="562c657ff5a8434db2c1994fc07180d1" title="Accordion" extension="tctcmp" itemType="ComponentTemplate" selected="false" exported="false" />
                <Item id="6dc34ab7fd05459cb978e28d7a42b601" title="Article" extension="tctcmp" itemType="ComponentTemplate" selected="false" exported="false" />
                <Item id="72b358d1c3594b45a61055df380c92c5" title="Content%20Page%20Without%20Navigation" extension="tptcmp" itemType="PageTemplate" selected="false" exported="false" />
                <Item id="tcm:9-641-128" title="Content%20Page" extension="tptcmp" itemType="PageTemplate" blueprintStatus="SharedItem" selected="false" exported="true" />
                <Item id="60fa0c180834436db4c77761f8c964cf" title="Download" extension="tctcmp" itemType="ComponentTemplate" selected="false" exported="false" />
                <Item id="8987bedea8c6422983167a28438e4582" title="Home%20Page" extension="tptcmp" itemType="PageTemplate" selected="false" exported="false" />
                <Item id="3ff11867c9924d26b63ab5ef90d095e0" title="Paged%20List" extension="tctcmp" itemType="ComponentTemplate" selected="false" exported="false" />
                <Item id="00d3a15d16ff4eb5b2bc93e99a96ee37" title="Place" extension="tctcmp" itemType="ComponentTemplate" selected="false" exported="false" />
                <Item id="edf5b66e4d5540db8dc0ab1506fad382" title="Section%20Page" extension="tptcmp" itemType="PageTemplate" selected="false" exported="false" />
                <Item id="b42da47c7fa148a2b336f547247d3d6a" title="Thumbnail%20List" extension="tctcmp" itemType="ComponentTemplate" selected="false" exported="false" />
                <Item id="dea4098920b64d2aa4c2d63bda10fab8" title="YouTube%20Video" extension="tctcmp" itemType="ComponentTemplate" selected="false" exported="false" />
              </Item>
            </Item>
            <Item id="f23479cb6adf4dfd821f4634bbdc45dc" title="Site%20Manager" itemType="Folder" selected="false" exported="false">
              <Item id="48a8274ee29f4e8996de5cf8ae8eb315" title="Schemas" itemType="Folder" selected="false" exported="false">
                <Item id="tcm:9-747-8" title="Notification%20Bar" extension="xsd" itemType="Schema" blueprintStatus="SharedItem" selected="false" exported="true" />
              </Item>
            </Item>
          </Item>
        </Item>
        <Item id="tcm:9-9-8" title="Default%20Multimedia%20Schema" extension="xsd" itemType="Schema" subtype="1" blueprintStatus="SharedItem" selected="false" exported="true" />
      </Item>
      <Item id="tcm:9-170-4096" title="DXA%20Development" itemType="BusinessProcessType" blueprintStatus="LocalItem" selected="false" exported="true" />
      <Item id="tcm:9-190-4096" title="DXA%20Staging%2FLive" itemType="BusinessProcessType" blueprintStatus="LocalItem" selected="false" exported="true" />
      <Item id="d515ab720a7c4f2686155b03d7af9acc" title="Task%20Process" extension="tpd" itemType="ProcessDefinition" selected="false" exported="false" />
    </Item>
    <Item id="tcm:0-10-1" title="200%20Example%20Content" itemType="Publication" selected="true" exported="true">
      <Item id="tcm:10-1-2" title="Building%20Blocks" itemType="Folder" blueprintStatus="SharedItem" selected="true" exported="true">
        <Item id="tcm:10-164-2" title="Content" itemType="Folder" blueprintStatus="SharedItem" selected="false" exported="true">
          <Item id="tcm:10-188-2" title="About" itemType="Folder" blueprintStatus="LocalItem" selected="false" exported="true">
            <Item id="tcm:10-862" title="Company%20Information" extension="xml" itemType="Component" blueprintStatus="LocalItem" selected="false" exported="true" />
            <Item id="tcm:10-860" title="Contact%20Tab%20Content" extension="xml" itemType="Component" blueprintStatus="LocalItem" selected="false" exported="true" />
            <Item id="tcm:10-878" title="Privacy%20Policy" extension="xml" itemType="Component" blueprintStatus="LocalItem" selected="false" exported="true" />
          </Item>
          <Item id="tcm:10-186-2" title="Homepage" itemType="Folder" blueprintStatus="LocalItem" selected="false" exported="true">
            <Item id="tcm:10-855" title="Homepage%20Welcome" extension="xml" itemType="Component" blueprintStatus="LocalItem" selected="false" exported="true" />
          </Item>
          <Item id="tcm:10-181-2" title="Images" itemType="Folder" blueprintStatus="SharedItem" selected="false" exported="true">
            <Item id="tcm:10-185-2" title="Large" itemType="Folder" blueprintStatus="LocalItem" selected="false" exported="true">
              <Item id="tcm:10-973" title="New%20Component" extension="jpg" itemType="Component" subtype="1" blueprintStatus="LocalItem" selected="false" exported="true" />
              <Item id="tcm:10-853" title="planes" extension="jpg" itemType="Component" subtype="1" blueprintStatus="LocalItem" selected="false" exported="true" />
            </Item>
          </Item>
          <Item id="tcm:10-174-2" title="Video" itemType="Folder" blueprintStatus="SharedItem" selected="false" exported="true">
            <Item id="tcm:10-861" title="Company%20News%20Media%20Manager%20Video" extension="png" itemType="Component" subtype="1" blueprintStatus="LocalItem" selected="false" exported="true" />
          </Item>
          <Item id="a82564292f96415b8dd00e0e33090a27" title="_Structure" itemType="Folder" selected="false" exported="false">
            <Item id="tcm:10-175-2" title="Header" itemType="Folder" blueprintStatus="SharedItem" selected="false" exported="true">
              <Item id="tcm:10-882" title="Company%20Logo%20540%20px" extension="png" itemType="Component" subtype="1" blueprintStatus="LocalItem" selected="false" exported="true" />
            </Item>
          </Item>
        </Item>
        <Item id="332e3046c85e415cbb16b4c3e291b775" title="Default%20Templates" itemType="Folder" selected="false" exported="false">
          <Item id="tcm:10-36-32" title="Default%20Component%20Template" extension="tctcmp" itemType="ComponentTemplate" blueprintStatus="SharedItem" selected="false" exported="true" />
          <Item id="tcm:10-31-2048" title="Default%20Dreamweaver%20Page%20Design" extension="dwt" itemType="TemplateBuildingBlock" blueprintStatus="SharedItem" selected="false" exported="true" />
        </Item>
        <Item id="76715683112d49f188c560ef75746862" title="Modules" itemType="Folder" selected="false" exported="false">
          <Item id="8d8abcb5f130469eaf0599a13fbc342e" title="Core" itemType="Folder" selected="false" exported="false">
            <Item id="0ad52d1c4ca449c29e9778a860a53e3a" title="Editor" itemType="Folder" selected="false" exported="false">
              <Item id="6c71d2b893784621a9a728ed30592be7" title="Schemas" itemType="Folder" selected="false" exported="false">
                <Item id="tcm:10-686-8" title="Article" extension="xsd" itemType="Schema" blueprintStatus="SharedItem" selected="false" exported="true">
                  <ApplicationIds>
                    <ApplicationId>http://www.sdl.com/tridion/SemanticMapping/typeof</ApplicationId>
                  </ApplicationIds>
                </Item>
                <Item id="tcm:10-649-8" title="Image" extension="xsd" itemType="Schema" subtype="1" blueprintStatus="SharedItem" selected="false" exported="true">
                  <ApplicationIds>
                    <ApplicationId>http://www.sdl.com/tridion/SemanticMapping/typeof</ApplicationId>
                  </ApplicationIds>
                </Item>
                <Item id="tcm:10-653-8" title="Item%20List" extension="xsd" itemType="Schema" blueprintStatus="SharedItem" selected="false" exported="true" />
                <Item id="tcm:10-721-8" title="YouTube%20Video" extension="xsd" itemType="Schema" subtype="1" blueprintStatus="SharedItem" selected="false" exported="true" />
              </Item>
              <Item id="4c7a8598a4f24ac5ad356965f865de74" title="Templates" itemType="Folder" selected="false" exported="false">
                <Item id="tcm:10-641-128" title="Content%20Page" extension="tptcmp" itemType="PageTemplate" blueprintStatus="SharedItem" selected="false" exported="true" />
              </Item>
            </Item>
          </Item>
          <Item id="30e55eccbb184a149813171b71c1e885" title="Search" itemType="Folder" selected="false" exported="false">
            <Item id="4b8b234a28a444ffaf27e29dbd7ffc62" title="Editor" itemType="Folder" selected="false" exported="false">
              <Item id="8ea7aa53cab24f3d8910b07f32e368a3" title="Schemas" itemType="Folder" selected="false" exported="false">
                <Item id="tcm:10-949-8" title="Search%20Query" extension="xsd" itemType="Schema" blueprintStatus="SharedItem" selected="false" exported="true" />
              </Item>
            </Item>
            <Item id="f32eb8701c7d4652b60076466f17f21b" title="Site%20Manager" itemType="Folder" selected="false" exported="false">
              <Item id="439fccaeb472478ebd78911b2ad8f70c" title="Schemas" itemType="Folder" selected="false" exported="false">
                <Item id="tcm:10-941-8" title="Search%20Box" extension="xsd" itemType="Schema" blueprintStatus="SharedItem" selected="false" exported="true" />
              </Item>
            </Item>
          </Item>
        </Item>
        <Item id="tcm:10-166-2" title="Modules%20Content" itemType="Folder" blueprintStatus="SharedItem" selected="true" exported="true">
          <Item id="tcm:10-220-2" title="Search" itemType="Folder" blueprintStatus="LocalItem" selected="true" exported="true">
            <Item id="tcm:10-953" title="Search%20Box%20Configuration" extension="xml" itemType="Component" blueprintStatus="LocalItem" selected="true" exported="true" />
            <Item id="tcm:10-952" title="Search%20Results" extension="xml" itemType="Component" blueprintStatus="LocalItem" selected="true" exported="true" />
          </Item>
        </Item>
        <Item id="tcm:10-9-8" title="Default%20Multimedia%20Schema" extension="xsd" itemType="Schema" subtype="1" blueprintStatus="SharedItem" selected="false" exported="true" />
      </Item>
      <Item id="92c14b2da0b24dcc86b94333bfd33649" title="Task%20Process" extension="tpd" itemType="ProcessDefinition" selected="false" exported="false" />
    </Item>
    <Item id="tcm:0-11-1" title="400%20Example%20Site" itemType="Publication" selected="true" exported="true">
      <ApplicationIds>
        <ApplicationId>SiteEdit</ApplicationId>
      </ApplicationIds>
      <Item id="05aaa6a0a2474b93b7b7c3ddd92669da" title="Building%20Blocks" itemType="Folder" selected="false" exported="false">
        <Item id="319a7bdda8f8459dacbbd2cad45682c0" title="Content" itemType="Folder" selected="false" exported="false">
          <Item id="1c8636a1a77249ceaeddc81faa208bd1" title="About" itemType="Folder" selected="false" exported="false">
            <Item id="tcm:11-862" title="Company%20Information" extension="xml" itemType="Component" blueprintStatus="SharedItem" selected="false" exported="true" />
            <Item id="tcm:11-860" title="Contact%20Tab%20Content" extension="xml" itemType="Component" blueprintStatus="SharedItem" selected="false" exported="true" />
            <Item id="tcm:11-878" title="Privacy%20Policy" extension="xml" itemType="Component" blueprintStatus="SharedItem" selected="false" exported="true" />
          </Item>
          <Item id="f23f42a3bd90472b8b83cb41aa283eee" title="Homepage" itemType="Folder" selected="false" exported="false">
            <Item id="tcm:11-855" title="Homepage%20Welcome" extension="xml" itemType="Component" blueprintStatus="SharedItem" selected="false" exported="true" />
          </Item>
          <Item id="00d9755527e343e2bb3db5a32c22c7e5" title="_Structure" itemType="Folder" selected="false" exported="false">
            <Item id="tcm:11-175-2" title="Header" itemType="Folder" blueprintStatus="SharedItem" selected="false" exported="true">
              <Item id="tcm:11-882" title="Company%20Logo%20540%20px" extension="png" itemType="Component" subtype="1" blueprintStatus="SharedItem" selected="false" exported="true" />
              <Item id="tcm:11-896" title="Cookie%20bar" extension="xml" itemType="Component" blueprintStatus="LocalItem" selected="false" exported="true" />
              <Item id="tcm:11-898" title="Header%20Links" extension="xml" itemType="Component" blueprintStatus="LocalItem" selected="false" exported="true" />
              <Item id="tcm:11-897" title="Header" extension="xml" itemType="Component" blueprintStatus="LocalItem" selected="false" exported="true" />
              <Item id="tcm:11-838" title="Old%20Browser%20bar" extension="xml" itemType="Component" blueprintStatus="SharedItem" selected="false" exported="true" />
            </Item>
          </Item>
        </Item>
        <Item id="28bf8548d26d4d92a7e1607de28aef4f" title="Default%20Templates" itemType="Folder" selected="false" exported="false">
          <Item id="tcm:11-36-32" title="Default%20Component%20Template" extension="tctcmp" itemType="ComponentTemplate" blueprintStatus="SharedItem" selected="false" exported="true" />
          <Item id="tcm:11-31-2048" title="Default%20Dreamweaver%20Page%20Design" extension="dwt" itemType="TemplateBuildingBlock" blueprintStatus="SharedItem" selected="false" exported="true" />
        </Item>
        <Item id="b2a474ba2b654dd59ec1c4bdbf758c92" title="Framework" itemType="Folder" selected="false" exported="false">
          <Item id="ba986eb17c264b4ebd5a0ac15810cec0" title="Site%20Manager" itemType="Folder" selected="false" exported="false">
            <Item id="9d884853ab2e4fb294c304e3a75614f9" title="Schemas" itemType="Folder" selected="false" exported="false">
              <Item id="tcm:11-785-8" title="Publication%20Metadata" extension="xsd" itemType="Schema" subtype="3" blueprintStatus="SharedItem" selected="false" exported="true" />
            </Item>
          </Item>
        </Item>
        <Item id="5637a6d958fa4ae7a9bb5bc255628d91" title="Modules" itemType="Folder" selected="false" exported="false">
          <Item id="1de34d9e6927492196836a49b81f072c" title="Core" itemType="Folder" selected="false" exported="false">
            <Item id="5a0c66cbd056408baa72f7ecc074ceea" title="Editor" itemType="Folder" selected="false" exported="false">
              <Item id="ff04378c3acb46aab6e6e84165c3b3bf" title="Schemas" itemType="Folder" selected="false" exported="false">
                <Item id="1aa850eda4c9490d956a6938143bb1a6" title="Page%20Schemas" itemType="Folder" selected="false" exported="false">
                  <Item id="tcm:11-640-8" title="Content%20Page" extension="xsd" itemType="Schema" subtype="8" blueprintStatus="SharedItem" selected="false" exported="true" />
                  <Item id="tcm:11-699-8" title="Include%20Page%20%28Header%29" extension="xsd" itemType="Schema" subtype="8" blueprintStatus="SharedItem" selected="false" exported="true" />
                </Item>
                <Item id="12ae8e9cd2b54a59acb49b1248b9794e" title="Region%20Schemas" itemType="Folder" selected="false" exported="false">
                  <Item id="tcm:11-698-8" title="%5BInfo%5D%20Region" extension="xsd" itemType="Schema" subtype="8" blueprintStatus="SharedItem" selected="false" exported="true" />
                  <Item id="tcm:11-697-8" title="%5BLogo%5D%20Region" extension="xsd" itemType="Schema" subtype="8" blueprintStatus="SharedItem" selected="false" exported="true" />
                  <Item id="tcm:11-639-8" title="%5BMain%5D%20Region" extension="xsd" itemType="Schema" subtype="8" blueprintStatus="SharedItem" selected="false" exported="true" />
                  <Item id="tcm:11-684-8" title="%5BNav%5D%20Region" extension="xsd" itemType="Schema" subtype="8" blueprintStatus="SharedItem" selected="false" exported="true" />
                </Item>
                <Item id="tcm:11-654-8" title="Link%20List" extension="xsd" itemType="Schema" blueprintStatus="SharedItem" selected="false" exported="true" />
                <Item id="tcm:11-728-8" title="Teaser" extension="xsd" itemType="Schema" blueprintStatus="SharedItem" selected="false" exported="true" />
              </Item>
              <Item id="b027d86d65204a43be0c9aaa058e8bc8" title="Templates" itemType="Folder" selected="false" exported="false">
                <Item id="tcm:11-750-128" title="Content%20Page%20Without%20Navigation" extension="tptcmp" itemType="PageTemplate" blueprintStatus="SharedItem" selected="false" exported="true" />
                <Item id="tcm:11-641-128" title="Content%20Page" extension="tptcmp" itemType="PageTemplate" blueprintStatus="SharedItem" selected="false" exported="true" />
                <Item id="tcm:11-816-128" title="Include%20Page%20%28Header%29" extension="tptcmp" itemType="PageTemplate" blueprintStatus="SharedItem" selected="false" exported="true" />
              </Item>
            </Item>
            <Item id="1a76579ba4e042d580534f0e921f91a8" title="Site%20Manager" itemType="Folder" selected="false" exported="false">
              <Item id="b5400010ac9247a9bd6782837f01a5ee" title="Schemas" itemType="Folder" selected="false" exported="false">
                <Item id="tcm:11-747-8" title="Notification%20Bar" extension="xsd" itemType="Schema" blueprintStatus="SharedItem" selected="false" exported="true" />
              </Item>
              <Item id="253ad430c76242888c7eb02e13b04085" title="Templates" itemType="Folder" selected="false" exported="false">
                <Item id="tcm:11-748-32" title="Cookie%20Notification%20Bar" extension="tctcmp" itemType="ComponentTemplate" blueprintStatus="SharedItem" selected="false" exported="true" />
                <Item id="tcm:11-789-32" title="Header%20Links" extension="tctcmp" itemType="ComponentTemplate" blueprintStatus="SharedItem" selected="false" exported="true" />
                <Item id="tcm:11-808-32" title="Header%20Logo" extension="tctcmp" itemType="ComponentTemplate" blueprintStatus="SharedItem" selected="false" exported="true" />
                <Item id="tcm:11-773-32" title="Language%20Selector" extension="tctcmp" itemType="ComponentTemplate" blueprintStatus="SharedItem" selected="false" exported="true" />
                <Item id="tcm:11-775-32" title="Old%20Browser%20Notification%20Bar" extension="tctcmp" itemType="ComponentTemplate" blueprintStatus="SharedItem" selected="false" exported="true" />
                <Item id="tcm:11-810-32" title="Top%20Navigation" extension="tctcmp" itemType="ComponentTemplate" blueprintStatus="SharedItem" selected="false" exported="true" />
              </Item>
            </Item>
          </Item>
          <Item id="eb0339dac7804c30b1c6dd9912f82511" title="Search" itemType="Folder" selected="false" exported="false">
            <Item id="d17c870d03c04c8dbc01be77599b7d35" title="Editor" itemType="Folder" selected="false" exported="false">
              <Item id="77461e7bbd9f4124ad4d6e9010b50805" title="Schemas" itemType="Folder" selected="false" exported="false">
                <Item id="tcm:11-950-8" title="Search%20Indexing%20Metadata" extension="xsd" itemType="Schema" subtype="3" blueprintStatus="SharedItem" selected="false" exported="true" />
              </Item>
              <Item id="8ca59fbde6714dd0913c7b0cecebc007" title="Templates" itemType="Folder" selected="false" exported="false">
                <Item id="tcm:11-951-32" title="Search%20Results" extension="tctcmp" itemType="ComponentTemplate" blueprintStatus="SharedItem" selected="false" exported="true" />
              </Item>
            </Item>
            <Item id="94b2a47b12294365bf0a6b83cb8ec00a" title="Site%20Manager" itemType="Folder" selected="false" exported="false">
              <Item id="43ee693aeb4e4352aea723f129197a55" title="Templates" itemType="Folder" selected="false" exported="false">
                <Item id="tcm:11-942-32" title="Search%20Box" extension="tctcmp" itemType="ComponentTemplate" blueprintStatus="SharedItem" selected="false" exported="true" />
              </Item>
            </Item>
          </Item>
        </Item>
        <Item id="ce7cff48c56b406caef50ce3b9a92e45" title="Modules%20Content" itemType="Folder" selected="false" exported="false">
          <Item id="f1d420425e944416843d31dd8089d1e6" title="Search" itemType="Folder" selected="false" exported="false">
            <Item id="tcm:11-953" title="Search%20Box%20Configuration" extension="xml" itemType="Component" blueprintStatus="SharedItem" selected="false" exported="true" />
            <Item id="tcm:11-952" title="Search%20Results" extension="xml" itemType="Component" blueprintStatus="SharedItem" selected="false" exported="true" />
          </Item>
        </Item>
        <Item id="e2b054f878674276a1014dceb2e17b25" title="Settings" itemType="Folder" selected="false" exported="false">
          <Item id="de8caace3a5446f0925666a073132e61" title="Core" itemType="Folder" selected="false" exported="false">
            <Item id="a096ef121e55446d96b9b64c7c5da905" title="Site%20Manager" itemType="Folder" selected="false" exported="false">
              <Item id="tcm:11-711" title="Language%20Selector%20Configuration" extension="xml" itemType="Component" blueprintStatus="SharedItem" selected="false" exported="true" />
              <Item id="tcm:11-758" title="Navigation%20Configuration" extension="xml" itemType="Component" blueprintStatus="SharedItem" selected="false" exported="true" />
            </Item>
          </Item>
        </Item>
        <Item id="tcm:11-9-8" title="Default%20Multimedia%20Schema" extension="xsd" itemType="Schema" subtype="1" blueprintStatus="SharedItem" selected="false" exported="true" />
      </Item>
      <Item id="tcm:11-190-4096" title="DXA%20Staging%2FLive" itemType="BusinessProcessType" blueprintStatus="SharedItem" selected="false" exported="true" />
      <Item id="tcm:11-129-4" title="Home" itemType="StructureGroup" blueprintStatus="SharedItem" selected="true" exported="true">
        <Item id="tcm:11-159-4" title="_System" itemType="StructureGroup" blueprintStatus="SharedItem" selected="true" exported="true">
          <Item id="tcm:11-160-4" title="include" itemType="StructureGroup" blueprintStatus="SharedItem" selected="true" exported="true">
            <Item id="tcm:11-839-64" title="Header" extension="tpg" itemType="Page" blueprintStatus="LocalizedItem" selected="true" exported="true" />
          </Item>
        </Item>
        <Item id="tcm:11-954-64" title="Search%20Results" extension="tpg" itemType="Page" blueprintStatus="LocalItem" selected="true" exported="true" />
      </Item>
      <Item id="1157fcf9b6ce44cca1aaa41108494315" title="Task%20Process" extension="tpd" itemType="ProcessDefinition" selected="false" exported="false" />
    </Item>
    <Item id="tcm:0-13-65544" title="Bitmap%20image" extension="tmt" itemType="MultimediaType" selected="false" exported="true">
      <ApplicationIds>
        <ApplicationId>cme:MMType:16</ApplicationId>
        <ApplicationId>cme:MMType:16:LastModified</ApplicationId>
        <ApplicationId>cme:MMType:48</ApplicationId>
        <ApplicationId>cme:MMType:48:LastModified</ApplicationId>
      </ApplicationIds>
    </Item>
    <Item id="tcm:0-19-65544" title="Cascading%20style%20sheets" extension="tmt" itemType="MultimediaType" selected="false" exported="true">
      <ApplicationIds>
        <ApplicationId>cme:MMType:16</ApplicationId>
        <ApplicationId>cme:MMType:16:LastModified</ApplicationId>
        <ApplicationId>cme:MMType:48</ApplicationId>
        <ApplicationId>cme:MMType:48:LastModified</ApplicationId>
      </ApplicationIds>
    </Item>
    <Item id="tcm:0-21-65544" title="Configuration%20settings" extension="tmt" itemType="MultimediaType" selected="false" exported="true">
      <ApplicationIds>
        <ApplicationId>cme:MMType:16</ApplicationId>
        <ApplicationId>cme:MMType:16:LastModified</ApplicationId>
        <ApplicationId>cme:MMType:48</ApplicationId>
        <ApplicationId>cme:MMType:48:LastModified</ApplicationId>
      </ApplicationIds>
    </Item>
    <Item id="f9fba1b59b774d8784a6fa586b6d00ad" title="Developer" extension="tgp" itemType="Group" selected="false" exported="false" />
    <Item id="bb27fef86ed64065859842c385f984cd" title="Editor" extension="tgp" itemType="Group" selected="false" exported="false" />
    <Item id="1493133ab5424d1f8edff3552f97ffd7" title="Everyone" extension="tgp" itemType="Group" selected="false" exported="false" />
    <Item id="tcm:0-5-65544" title="Excel%20sheet" extension="tmt" itemType="MultimediaType" selected="false" exported="true">
      <ApplicationIds>
        <ApplicationId>cme:MMType:16</ApplicationId>
        <ApplicationId>cme:MMType:16:LastModified</ApplicationId>
        <ApplicationId>cme:MMType:48</ApplicationId>
        <ApplicationId>cme:MMType:48:LastModified</ApplicationId>
      </ApplicationIds>
    </Item>
    <Item id="tcm:0-11-65544" title="Executable" extension="tmt" itemType="MultimediaType" selected="false" exported="true">
      <ApplicationIds>
        <ApplicationId>cme:MMType:16</ApplicationId>
        <ApplicationId>cme:MMType:16:LastModified</ApplicationId>
        <ApplicationId>cme:MMType:48</ApplicationId>
        <ApplicationId>cme:MMType:48:LastModified</ApplicationId>
      </ApplicationIds>
    </Item>
    <Item id="tcm:0-22-65544" title="External%20Content%20Library" extension="tmt" itemType="MultimediaType" selected="false" exported="true" />
    <Item id="tcm:0-31-65544" title="Favicon" extension="tmt" itemType="MultimediaType" selected="false" exported="true" />
    <Item id="tcm:0-18-65544" title="Flash%20file" extension="tmt" itemType="MultimediaType" selected="false" exported="true">
      <ApplicationIds>
        <ApplicationId>cme:MMType:16</ApplicationId>
        <ApplicationId>cme:MMType:16:LastModified</ApplicationId>
        <ApplicationId>cme:MMType:48</ApplicationId>
        <ApplicationId>cme:MMType:48:LastModified</ApplicationId>
      </ApplicationIds>
    </Item>
    <Item id="tcm:0-1-65544" title="Gif%20image" extension="tmt" itemType="MultimediaType" selected="false" exported="true">
      <ApplicationIds>
        <ApplicationId>cme:MMType:16</ApplicationId>
        <ApplicationId>cme:MMType:16:LastModified</ApplicationId>
        <ApplicationId>cme:MMType:48</ApplicationId>
        <ApplicationId>cme:MMType:48:LastModified</ApplicationId>
      </ApplicationIds>
    </Item>
    <Item id="tcm:0-20-65544" title="Java%20script" extension="tmt" itemType="MultimediaType" selected="false" exported="true">
      <ApplicationIds>
        <ApplicationId>cme:MMType:16</ApplicationId>
        <ApplicationId>cme:MMType:16:LastModified</ApplicationId>
        <ApplicationId>cme:MMType:48</ApplicationId>
        <ApplicationId>cme:MMType:48:LastModified</ApplicationId>
      </ApplicationIds>
    </Item>
    <Item id="tcm:0-2-65544" title="Jpeg%20image" extension="tmt" itemType="MultimediaType" selected="false" exported="true">
      <ApplicationIds>
        <ApplicationId>cme:MMType:16</ApplicationId>
        <ApplicationId>cme:MMType:16:LastModified</ApplicationId>
        <ApplicationId>cme:MMType:48</ApplicationId>
        <ApplicationId>cme:MMType:48:LastModified</ApplicationId>
      </ApplicationIds>
    </Item>
    <Item id="tcm:0-12-65544" title="MSAccess%20database" extension="tmt" itemType="MultimediaType" selected="false" exported="true">
      <ApplicationIds>
        <ApplicationId>cme:MMType:16</ApplicationId>
        <ApplicationId>cme:MMType:16:LastModified</ApplicationId>
        <ApplicationId>cme:MMType:48</ApplicationId>
        <ApplicationId>cme:MMType:48:LastModified</ApplicationId>
      </ApplicationIds>
    </Item>
    <Item id="tcm:0-16-65544" title="Mp3%20music" extension="tmt" itemType="MultimediaType" selected="false" exported="true">
      <ApplicationIds>
        <ApplicationId>cme:MMType:16</ApplicationId>
        <ApplicationId>cme:MMType:16:LastModified</ApplicationId>
        <ApplicationId>cme:MMType:48</ApplicationId>
        <ApplicationId>cme:MMType:48:LastModified</ApplicationId>
      </ApplicationIds>
    </Item>
    <Item id="tcm:0-17-65544" title="Mpeg%20video" extension="tmt" itemType="MultimediaType" selected="false" exported="true">
      <ApplicationIds>
        <ApplicationId>cme:MMType:16</ApplicationId>
        <ApplicationId>cme:MMType:16:LastModified</ApplicationId>
        <ApplicationId>cme:MMType:48</ApplicationId>
        <ApplicationId>cme:MMType:48:LastModified</ApplicationId>
      </ApplicationIds>
    </Item>
    <Item id="tcm:0-7-65544" title="Pdf%20document" extension="tmt" itemType="MultimediaType" selected="false" exported="true">
      <ApplicationIds>
        <ApplicationId>cme:MMType:16</ApplicationId>
        <ApplicationId>cme:MMType:16:LastModified</ApplicationId>
        <ApplicationId>cme:MMType:48</ApplicationId>
        <ApplicationId>cme:MMType:48:LastModified</ApplicationId>
      </ApplicationIds>
    </Item>
    <Item id="tcm:0-9-65544" title="Plain%20text" extension="tmt" itemType="MultimediaType" selected="false" exported="true">
      <ApplicationIds>
        <ApplicationId>cme:MMType:16</ApplicationId>
        <ApplicationId>cme:MMType:16:LastModified</ApplicationId>
        <ApplicationId>cme:MMType:48</ApplicationId>
        <ApplicationId>cme:MMType:48:LastModified</ApplicationId>
      </ApplicationIds>
    </Item>
    <Item id="tcm:0-3-65544" title="Png%20image" extension="tmt" itemType="MultimediaType" selected="false" exported="true">
      <ApplicationIds>
        <ApplicationId>cme:MMType:16</ApplicationId>
        <ApplicationId>cme:MMType:16:LastModified</ApplicationId>
        <ApplicationId>cme:MMType:48</ApplicationId>
        <ApplicationId>cme:MMType:48:LastModified</ApplicationId>
      </ApplicationIds>
    </Item>
    <Item id="tcm:0-6-65544" title="Powerpoint%20presentation" extension="tmt" itemType="MultimediaType" selected="false" exported="true">
      <ApplicationIds>
        <ApplicationId>cme:MMType:16</ApplicationId>
        <ApplicationId>cme:MMType:16:LastModified</ApplicationId>
        <ApplicationId>cme:MMType:48</ApplicationId>
        <ApplicationId>cme:MMType:48:LastModified</ApplicationId>
      </ApplicationIds>
    </Item>
    <Item id="tcm:0-15-65544" title="QuickTime%20movie" extension="tmt" itemType="MultimediaType" selected="false" exported="true">
      <ApplicationIds>
        <ApplicationId>cme:MMType:16</ApplicationId>
        <ApplicationId>cme:MMType:16:LastModified</ApplicationId>
        <ApplicationId>cme:MMType:48</ApplicationId>
        <ApplicationId>cme:MMType:48:LastModified</ApplicationId>
      </ApplicationIds>
    </Item>
    <Item id="tcm:0-14-65544" title="Real%20player" extension="tmt" itemType="MultimediaType" selected="false" exported="true">
      <ApplicationIds>
        <ApplicationId>cme:MMType:16</ApplicationId>
        <ApplicationId>cme:MMType:16:LastModified</ApplicationId>
        <ApplicationId>cme:MMType:48</ApplicationId>
        <ApplicationId>cme:MMType:48:LastModified</ApplicationId>
      </ApplicationIds>
    </Item>
    <Item id="tcm:0-10-65544" title="Rich%20text" extension="tmt" itemType="MultimediaType" selected="false" exported="true">
      <ApplicationIds>
        <ApplicationId>cme:MMType:16</ApplicationId>
        <ApplicationId>cme:MMType:16:LastModified</ApplicationId>
        <ApplicationId>cme:MMType:48</ApplicationId>
        <ApplicationId>cme:MMType:48:LastModified</ApplicationId>
      </ApplicationIds>
    </Item>
    <Item id="tcm:0-23-65544" title="Scalable%20Vector%20Graphics" extension="tmt" itemType="MultimediaType" selected="false" exported="true" />
    <Item id="4baa28de49544e9b8c5d38066cef426d" title="Site%20Manager" extension="tgp" itemType="Group" selected="false" exported="false" />
    <Item id="tcm:0-8-65544" title="Sound%20file" extension="tmt" itemType="MultimediaType" selected="false" exported="true">
      <ApplicationIds>
        <ApplicationId>cme:MMType:16</ApplicationId>
        <ApplicationId>cme:MMType:16:LastModified</ApplicationId>
        <ApplicationId>cme:MMType:48</ApplicationId>
        <ApplicationId>cme:MMType:48:LastModified</ApplicationId>
      </ApplicationIds>
    </Item>
    <Item id="tcm:0-4-65544" title="Word%20document" extension="tmt" itemType="MultimediaType" selected="false" exported="true">
      <ApplicationIds>
        <ApplicationId>cme:MMType:16</ApplicationId>
        <ApplicationId>cme:MMType:16:LastModified</ApplicationId>
        <ApplicationId>cme:MMType:48</ApplicationId>
        <ApplicationId>cme:MMType:48:LastModified</ApplicationId>
      </ApplicationIds>
    </Item>
    <Item id="tcm:0-30-65544" title="Zip%20file" extension="tmt" itemType="MultimediaType" selected="false" exported="true" />
  </Item>
</Index>