<PackageItem xmlns:tcm="http://www.tridion.com/ContentManager/5.0" xmlns:xlink="http://www.w3.org/1999/xlink" xmlns="http://www.sdltridion.com/ContentManager/ImportExport/Package/2013">
  <PrimaryBlueprintParentUrl>/webdav/110%20DXA%20Site%20Type/Home/_System/include/Header.tpg</PrimaryBlueprintParentUrl>
  <Data>
    <tcm:Data>
      <tcm:Title>Header</tcm:Title>
      <tcm:FileName>header</tcm:FileName>
      <tcm:PageTemplate IsInherited="false" xlink:type="simple" xlink:title="Include Page (Header)" xlink:href="/webdav/400%20Example%20Site/Building%20Blocks/Modules/Core/Editor/Templates/Include%20Page%20%28Header%29.tptcmp" />
      <tcm:ComponentPresentations />
      <tcm:MetadataSchema xlink:type="simple" xlink:title="" xlink:href="tcm:0-0-0" />
      <tcm:Metadata />
      <tcm:RegionSchema xlink:type="simple" xlink:title="Include Page (Header)" xlink:href="/webdav/400%20Example%20Site/Building%20Blocks/Modules/Core/Editor/Schemas/Page%20Schemas/Include%20Page%20%28Header%29.xsd" />
      <tcm:Regions>
        <tcm:Region Type="EmbeddedRegionData">
          <tcm:RegionName>Logo</tcm:RegionName>
          <tcm:RegionSchema xlink:type="simple" xlink:title="[Logo] Region" xlink:href="/webdav/400%20Example%20Site/Building%20Blocks/Modules/Core/Editor/Schemas/Region%20Schemas/%5BLogo%5D%20Region.xsd" />
          <tcm:Metadata />
          <tcm:ComponentPresentations>
            <tcm:ComponentPresentation>
              <tcm:Component xlink:type="simple" xlink:title="Header" xlink:href="/webdav/400%20Example%20Site/Building%20Blocks/Content/_Structure/Header/Header.xml" />
              <tcm:ComponentTemplate xlink:type="simple" xlink:title="Header Logo" xlink:href="/webdav/400%20Example%20Site/Building%20Blocks/Modules/Core/Site%20Manager/Templates/Header%20Logo.tctcmp" />
              <tcm:Conditions />
            </tcm:ComponentPresentation>
          </tcm:ComponentPresentations>
          <tcm:Regions />
        </tcm:Region>
        <tcm:Region Type="EmbeddedRegionData">
          <tcm:RegionName>Nav</tcm:RegionName>
          <tcm:RegionSchema xlink:type="simple" xlink:title="[Nav] Region" xlink:href="/webdav/400%20Example%20Site/Building%20Blocks/Modules/Core/Editor/Schemas/Region%20Schemas/%5BNav%5D%20Region.xsd" />
          <tcm:Metadata />
          <tcm:ComponentPresentations>
            <tcm:ComponentPresentation>
              <tcm:Component xlink:type="simple" xlink:title="Header Links" xlink:href="/webdav/400%20Example%20Site/Building%20Blocks/Content/_Structure/Header/Header%20Links.xml" />
              <tcm:ComponentTemplate xlink:type="simple" xlink:title="Header Links" xlink:href="/webdav/400%20Example%20Site/Building%20Blocks/Modules/Core/Site%20Manager/Templates/Header%20Links.tctcmp" />
              <tcm:Conditions />
            </tcm:ComponentPresentation>
            <tcm:ComponentPresentation>
              <tcm:Component xlink:type="simple" xlink:title="Language Selector Configuration" xlink:href="/webdav/400%20Example%20Site/Building%20Blocks/Settings/Core/Site%20Manager/Language%20Selector%20Configuration.xml" />
              <tcm:ComponentTemplate xlink:type="simple" xlink:title="Language Selector" xlink:href="/webdav/400%20Example%20Site/Building%20Blocks/Modules/Core/Site%20Manager/Templates/Language%20Selector.tctcmp" />
              <tcm:Conditions />
            </tcm:ComponentPresentation>
            <tcm:ComponentPresentation>
              <tcm:Component xlink:type="simple" xlink:title="Navigation Configuration" xlink:href="/webdav/400%20Example%20Site/Building%20Blocks/Settings/Core/Site%20Manager/Navigation%20Configuration.xml" />
              <tcm:ComponentTemplate xlink:type="simple" xlink:title="Top Navigation" xlink:href="/webdav/400%20Example%20Site/Building%20Blocks/Modules/Core/Site%20Manager/Templates/Top%20Navigation.tctcmp" />
              <tcm:Conditions />
            </tcm:ComponentPresentation>
            <tcm:ComponentPresentation>
              <tcm:Component xlink:type="simple" xlink:title="Search Box Configuration" xlink:href="/webdav/400%20Example%20Site/Building%20Blocks/Modules%20Content/Search/Search%20Box%20Configuration.xml" />
              <tcm:ComponentTemplate xlink:type="simple" xlink:title="Search Box" xlink:href="/webdav/400%20Example%20Site/Building%20Blocks/Modules/Search/Site%20Manager/Templates/Search%20Box.tctcmp" />
              <tcm:Conditions />
            </tcm:ComponentPresentation>
          </tcm:ComponentPresentations>
          <tcm:Regions />
        </tcm:Region>
        <tcm:Region Type="EmbeddedRegionData">
          <tcm:RegionName>Info</tcm:RegionName>
          <tcm:RegionSchema xlink:type="simple" xlink:title="[Info] Region" xlink:href="/webdav/400%20Example%20Site/Building%20Blocks/Modules/Core/Editor/Schemas/Region%20Schemas/%5BInfo%5D%20Region.xsd" />
          <tcm:Metadata />
          <tcm:ComponentPresentations>
            <tcm:ComponentPresentation>
              <tcm:Component xlink:type="simple" xlink:title="Old Browser bar" xlink:href="/webdav/400%20Example%20Site/Building%20Blocks/Content/_Structure/Header/Old%20Browser%20bar.xml" />
              <tcm:ComponentTemplate xlink:type="simple" xlink:title="Old Browser Notification Bar" xlink:href="/webdav/400%20Example%20Site/Building%20Blocks/Modules/Core/Site%20Manager/Templates/Old%20Browser%20Notification%20Bar.tctcmp" />
              <tcm:Conditions />
            </tcm:ComponentPresentation>
            <tcm:ComponentPresentation>
              <tcm:Component xlink:type="simple" xlink:title="Cookie bar" xlink:href="/webdav/400%20Example%20Site/Building%20Blocks/Content/_Structure/Header/Cookie%20bar.xml" />
              <tcm:ComponentTemplate xlink:type="simple" xlink:title="Cookie Notification Bar" xlink:href="/webdav/400%20Example%20Site/Building%20Blocks/Modules/Core/Site%20Manager/Templates/Cookie%20Notification%20Bar.tctcmp" />
              <tcm:Conditions />
            </tcm:ComponentPresentation>
          </tcm:ComponentPresentations>
          <tcm:Regions />
        </tcm:Region>
      </tcm:Regions>
    </tcm:Data>
  </Data>
  <Dependencies>
    <Dependency dependencyType="Publication" itemUrl="/webdav/400%20Example%20Site" linkName="LocationInfo/ContextRepository" />
    <Dependency dependencyType="OrganizationalItemStructureGroup" itemUrl="/webdav/400%20Example%20Site/Home/_System/include" linkName="LocationInfo/OrganizationalItem" />
    <Dependency dependencyType="ComponentPresentationComponent" itemUrl="/webdav/400%20Example%20Site/Building%20Blocks/Content/_Structure/Header/Header.xml" linkName="Regions[0]/ComponentPresentations[0]/Component" />
    <Dependency dependencyType="ComponentPresentationComponent" itemUrl="/webdav/400%20Example%20Site/Building%20Blocks/Content/_Structure/Header/Header%20Links.xml" linkName="Regions[1]/ComponentPresentations[0]/Component" />
    <Dependency dependencyType="ComponentPresentationComponent" itemUrl="/webdav/400%20Example%20Site/Building%20Blocks/Settings/Core/Site%20Manager/Language%20Selector%20Configuration.xml" linkName="Regions[1]/ComponentPresentations[1]/Component" />
    <Dependency dependencyType="ComponentPresentationComponent" itemUrl="/webdav/400%20Example%20Site/Building%20Blocks/Settings/Core/Site%20Manager/Navigation%20Configuration.xml" linkName="Regions[1]/ComponentPresentations[2]/Component" />
    <Dependency dependencyType="ComponentPresentationComponent" itemUrl="/webdav/400%20Example%20Site/Building%20Blocks/Modules%20Content/Search/Search%20Box%20Configuration.xml" linkName="Regions[1]/ComponentPresentations[3]/Component" />
    <Dependency dependencyType="ComponentPresentationComponent" itemUrl="/webdav/400%20Example%20Site/Building%20Blocks/Content/_Structure/Header/Old%20Browser%20bar.xml" linkName="Regions[2]/ComponentPresentations[0]/Component" />
    <Dependency dependencyType="ComponentPresentationComponent" itemUrl="/webdav/400%20Example%20Site/Building%20Blocks/Content/_Structure/Header/Cookie%20bar.xml" linkName="Regions[2]/ComponentPresentations[1]/Component" />
    <Dependency dependencyType="ComponentPresentationComponentTemplate" itemUrl="/webdav/400%20Example%20Site/Building%20Blocks/Modules/Core/Site%20Manager/Templates/Header%20Logo.tctcmp" linkName="Regions[0]/ComponentPresentations[0]/ComponentTemplate" />
    <Dependency dependencyType="ComponentPresentationComponentTemplate" itemUrl="/webdav/400%20Example%20Site/Building%20Blocks/Modules/Core/Site%20Manager/Templates/Header%20Links.tctcmp" linkName="Regions[1]/ComponentPresentations[0]/ComponentTemplate" />
    <Dependency dependencyType="ComponentPresentationComponentTemplate" itemUrl="/webdav/400%20Example%20Site/Building%20Blocks/Modules/Core/Site%20Manager/Templates/Language%20Selector.tctcmp" linkName="Regions[1]/ComponentPresentations[1]/ComponentTemplate" />
    <Dependency dependencyType="ComponentPresentationComponentTemplate" itemUrl="/webdav/400%20Example%20Site/Building%20Blocks/Modules/Core/Site%20Manager/Templates/Top%20Navigation.tctcmp" linkName="Regions[1]/ComponentPresentations[2]/ComponentTemplate" />
    <Dependency dependencyType="ComponentPresentationComponentTemplate" itemUrl="/webdav/400%20Example%20Site/Building%20Blocks/Modules/Search/Site%20Manager/Templates/Search%20Box.tctcmp" linkName="Regions[1]/ComponentPresentations[3]/ComponentTemplate" />
    <Dependency dependencyType="ComponentPresentationComponentTemplate" itemUrl="/webdav/400%20Example%20Site/Building%20Blocks/Modules/Core/Site%20Manager/Templates/Old%20Browser%20Notification%20Bar.tctcmp" linkName="Regions[2]/ComponentPresentations[0]/ComponentTemplate" />
    <Dependency dependencyType="ComponentPresentationComponentTemplate" itemUrl="/webdav/400%20Example%20Site/Building%20Blocks/Modules/Core/Site%20Manager/Templates/Cookie%20Notification%20Bar.tctcmp" linkName="Regions[2]/ComponentPresentations[1]/ComponentTemplate" />
    <Dependency dependencyType="PageTemplate" itemUrl="/webdav/400%20Example%20Site/Building%20Blocks/Modules/Core/Editor/Templates/Include%20Page%20%28Header%29.tptcmp" linkName="PageTemplate" />
    <Dependency dependencyType="PageRegionSchema" itemUrl="/webdav/400%20Example%20Site/Building%20Blocks/Modules/Core/Editor/Schemas/Page%20Schemas/Include%20Page%20%28Header%29.xsd" linkName="RegionSchema" />
    <Dependency dependencyType="PageRegionSchema" itemUrl="/webdav/400%20Example%20Site/Building%20Blocks/Modules/Core/Editor/Schemas/Region%20Schemas/%5BLogo%5D%20Region.xsd" linkName="Regions[0]/RegionSchema" />
    <Dependency dependencyType="PageRegionSchema" itemUrl="/webdav/400%20Example%20Site/Building%20Blocks/Modules/Core/Editor/Schemas/Region%20Schemas/%5BNav%5D%20Region.xsd" linkName="Regions[1]/RegionSchema" />
    <Dependency dependencyType="PageRegionSchema" itemUrl="/webdav/400%20Example%20Site/Building%20Blocks/Modules/Core/Editor/Schemas/Region%20Schemas/%5BInfo%5D%20Region.xsd" linkName="Regions[2]/RegionSchema" />
  </Dependencies>
</PackageItem>