<PackageItem xmlns:tcm="http://www.tridion.com/ContentManager/5.0" xmlns:xlink="http://www.w3.org/1999/xlink" xmlns="http://www.sdltridion.com/ContentManager/ImportExport/Package/2013">
  <Data>
    <tcm:Data>
      <tcm:Title>Search Results</tcm:Title>
      <tcm:FileName>search</tcm:FileName>
      <tcm:PageTemplate IsInherited="false" xlink:type="simple" xlink:title="Content Page Without Navigation" xlink:href="/webdav/400%20Example%20Site/Building%20Blocks/Modules/Core/Editor/Templates/Content%20Page%20Without%20Navigation.tptcmp" />
      <tcm:ComponentPresentations />
      <tcm:MetadataSchema xlink:type="simple" xlink:title="Search Indexing Metadata" xlink:href="/webdav/400%20Example%20Site/Building%20Blocks/Modules/Search/Editor/Schemas/Search%20Indexing%20Metadata.xsd" />
      <tcm:Metadata>
        <Metadata xmlns="http://www.sdl.com/web/schemas/search">
          <NoIndex>Yes</NoIndex>
        </Metadata>
      </tcm:Metadata>
      <tcm:RegionSchema xlink:type="simple" xlink:title="Content Page" xlink:href="/webdav/400%20Example%20Site/Building%20Blocks/Modules/Core/Editor/Schemas/Page%20Schemas/Content%20Page.xsd" />
      <tcm:Regions>
        <tcm:Region Type="EmbeddedRegionData">
          <tcm:RegionName>Main</tcm:RegionName>
          <tcm:RegionSchema xlink:type="simple" xlink:title="[Main] Region" xlink:href="/webdav/400%20Example%20Site/Building%20Blocks/Modules/Core/Editor/Schemas/Region%20Schemas/%5BMain%5D%20Region.xsd" />
          <tcm:Metadata />
          <tcm:ComponentPresentations>
            <tcm:ComponentPresentation>
              <tcm:Component xlink:type="simple" xlink:title="Search Results" xlink:href="/webdav/400%20Example%20Site/Building%20Blocks/Modules%20Content/Search/Search%20Results.xml" />
              <tcm:ComponentTemplate xlink:type="simple" xlink:title="Search Results" xlink:href="/webdav/400%20Example%20Site/Building%20Blocks/Modules/Search/Editor/Templates/Search%20Results.tctcmp" />
              <tcm:Conditions />
            </tcm:ComponentPresentation>
          </tcm:ComponentPresentations>
          <tcm:Regions />
        </tcm:Region>
      </tcm:Regions>
    </tcm:Data>
  </Data>
  <Dependencies>
    <Dependency dependencyType="Publication" itemUrl="/webdav/400%20Example%20Site" linkName="LocationInfo/ContextRepository" />
    <Dependency dependencyType="OrganizationalItemStructureGroup" itemUrl="/webdav/400%20Example%20Site/Home" linkName="LocationInfo/OrganizationalItem" />
    <Dependency dependencyType="ComponentPresentationComponent" itemUrl="/webdav/400%20Example%20Site/Building%20Blocks/Modules%20Content/Search/Search%20Results.xml" linkName="Regions[0]/ComponentPresentations[0]/Component" />
    <Dependency dependencyType="ComponentPresentationComponentTemplate" itemUrl="/webdav/400%20Example%20Site/Building%20Blocks/Modules/Search/Editor/Templates/Search%20Results.tctcmp" linkName="Regions[0]/ComponentPresentations[0]/ComponentTemplate" />
    <Dependency dependencyType="MetadataSchema" itemUrl="/webdav/400%20Example%20Site/Building%20Blocks/Modules/Search/Editor/Schemas/Search%20Indexing%20Metadata.xsd" linkName="MetadataSchema" />
    <Dependency dependencyType="PageTemplate" itemUrl="/webdav/400%20Example%20Site/Building%20Blocks/Modules/Core/Editor/Templates/Content%20Page%20Without%20Navigation.tptcmp" linkName="PageTemplate" />
    <Dependency dependencyType="PageRegionSchema" itemUrl="/webdav/400%20Example%20Site/Building%20Blocks/Modules/Core/Editor/Schemas/Page%20Schemas/Content%20Page.xsd" linkName="RegionSchema" />
    <Dependency dependencyType="PageRegionSchema" itemUrl="/webdav/400%20Example%20Site/Building%20Blocks/Modules/Core/Editor/Schemas/Region%20Schemas/%5BMain%5D%20Region.xsd" linkName="Regions[0]/RegionSchema" />
  </Dependencies>
</PackageItem>