<PackageItem xmlns:tcm="http://www.tridion.com/ContentManager/5.0" xmlns:xlink="http://www.w3.org/1999/xlink" xmlns="http://www.sdltridion.com/ContentManager/ImportExport/Package/2013">
  <Data>
    <tcm:Data>
      <tcm:Title>Faceted Search Category</tcm:Title>
      <tcm:XMLName>FacetedSearchCategory</tcm:XMLName>
      <tcm:Description>Faceted Search Category</tcm:Description>
      <tcm:KeywordMetadataSchema xlink:type="simple" xlink:title="Search Field Mapping" xlink:href="/webdav/100%20Master/Building%20Blocks/Modules/Search/Editor/Schemas/Search%20Field%20Mapping.xsd" />
      <tcm:UseForNavigation>true</tcm:UseForNavigation>
      <tcm:AllowedParentCategories>
        <tcm:Category xlink:type="simple" xlink:title="Faceted Search Category" xlink:href="/webdav/100%20Master/Faceted%20Search%20Category" />
      </tcm:AllowedParentCategories>
      <tcm:IsRoot>true</tcm:IsRoot>
      <tcm:UseForIdentification>false</tcm:UseForIdentification>
    </tcm:Data>
  </Data>
  <Dependencies>
    <Dependency dependencyType="Publication" itemUrl="/webdav/100%20Master" linkName="LocationInfo/ContextRepository" />
    <Dependency dependencyType="OrganizationalItemPublication" itemUrl="/webdav/100%20Master" linkName="LocationInfo/OrganizationalItem" />
    <Dependency dependencyType="AllowedParentCategory" itemUrl="/webdav/100%20Master/Faceted%20Search%20Category" linkName="AllowedParentCategories[0]" />
    <Dependency dependencyType="MetadataSchema" itemUrl="/webdav/100%20Master/Building%20Blocks/Modules/Search/Editor/Schemas/Search%20Field%20Mapping.xsd" linkName="KeywordMetadataSchema" />
  </Dependencies>
</PackageItem>